Consultas principales,Clics,Impresiones,CTR,Posición
cartilla swiss medical,8,672,1.19%,8.19
swiss medical cartilla,7,663,1.06%,8.99
prepagas en tucuman,4,65,6.15%,5.78
cartilla osde,3,835,0.36%,7.07
cartilla de swiss medical 2026,3,109,2.75%,5.59
sancor salud corrientes,3,62,4.84%,4.74
cartilla online swiss medical,3,29,10.34%,7.97
osde flux vs osde 210,2,110,1.82%,6.31
sancor salud neuquen,2,82,2.44%,9.55
swiss medical cartilla prestadores,2,69,2.9%,9.04
prepagas en mendoza,2,64,3.12%,14.88
osde quilmes,2,62,3.23%,12.13
avalian mendoza,2,55,3.64%,7.35
swiss medical cartilla online,2,55,3.64%,8.78
mejores prepagas argentina,2,49,4.08%,8
prepagas precios,2,42,4.76%,14.52
prepagas en neuquen,2,32,6.25%,4.72
sancor f800,2,29,6.9%,4.62
prepagas en entre rios,2,22,9.09%,4.32
mejores obras sociales tucuman,2,16,12.5%,2.5
prepagas economicas,2,13,15.38%,33.38
prepaga en cordoba,2,11,18.18%,38.82
f800 sancor salud,2,8,25%,5.75
osde cartilla,1,3257,0.03%,5.92
sancor salud,1,407,0.25%,6.39
osde flux,1,228,0.44%,9.04
sancor salud tucuman,1,191,0.52%,9.17
avalian rosario,1,183,0.55%,7.47
cartilla premedic,1,128,0.78%,6.45
mejores prepagas en argentina,1,126,0.79%,8.75
las 10 mejores prepagas de argentina,1,120,0.83%,5.95
osde 410 precio,1,85,1.18%,10.45
osde cordoba,1,80,1.25%,5.85
prevencion salud rosario,1,78,1.28%,6.36
sancor salud cartilla,1,75,1.33%,14.97
prevención salud,1,66,1.52%,5.05
ranking de prepagas en argentina,1,64,1.56%,7.14
prepagas para monotributistas,1,52,1.92%,9.79
osde plan flux,1,46,2.17%,8.3
luis pasteur prepaga,1,45,2.22%,7.87
cuanto cuesta una prepaga para mayores de 70 años,1,44,2.27%,8.66
hominis lomas de zamora,1,44,2.27%,12.48
osde cartilla medica,1,40,2.5%,7.17
osde flux opiniones,1,40,2.5%,9.4
prepagas que aceptan monotributistas,1,38,2.63%,10.13
prepaga luis pasteur,1,36,2.78%,7.56
las mejores prepagas de argentina,1,35,2.86%,7.86
si,1,34,2.94%,8.44
plan flux osde vs 210,1,29,3.45%,5.69
plan smg02 swiss medical cartilla,1,29,3.45%,10.34
diferencia entre osde 210 y flux,1,27,3.7%,6.67
pmo actualizado,1,27,3.7%,9.3
cual es la mejor obra social en tucumán,1,26,3.85%,4.54
prepagas economicas caba,1,26,3.85%,7.92
cartilla swiss,1,26,3.85%,8.08
galeno salta,1,24,4.17%,6.54
plan pmo,1,23,4.35%,5.48
cual es la mejor obra social de mendoza,1,22,4.55%,3.86
pmo actualizado 2026,1,22,4.55%,7.18
prepagas en santa fe,1,22,4.55%,8.95
prepagas buenas,1,20,5%,8.65
sancor salud gualeguaychu,1,20,5%,10.85
obra social osde precio,1,19,5.26%,14.79
prepagas,1,18,5.56%,10.22
swiss medical planes,1,18,5.56%,19.5
ranking de prepagas en argentina 2026,1,17,5.88%,4.24
obras sociales en mendoza precios,1,16,6.25%,6.38
avalian rafaela,1,16,6.25%,7.81
osde vs swiss medical,1,16,6.25%,8.19
plan smg20 swiss medical cartilla,1,16,6.25%,9.81
obra social prepaga neuquen,1,15,6.67%,6.33
cartilla smg20,1,15,6.67%,9.67
prepagas en corrientes,1,14,7.14%,3.5
ranking prepagas argentina,1,14,7.14%,6.71
ranking obras sociales en argentina,1,14,7.14%,8.21
prepagas de salud,1,13,7.69%,5.31
osde moron,1,13,7.69%,8.85
swiss cartilla,1,12,8.33%,7.92
swiss medical plan smg20 cartilla,1,11,9.09%,9.73
osde 210 vs flux,1,10,10%,3.9
ranking prepagas,1,10,10%,5.2
premedic cartilla zona sur,1,10,10%,9.5
obra social luis pasteur opiniones,1,10,10%,10.3
cuanto sale flux de osde,1,10,10%,10.6
osde cotizacion,1,10,10%,11.2
diferencia entre obra social y prepaga,1,10,10%,14.8
rango etario prepagas,1,9,11.11%,3.44
mejor obra social tucuman,1,9,11.11%,5.22
prepagas en cordoba,1,9,11.11%,7.89
prepagas en argentina precios 2026,1,9,11.11%,10.33
prepagas monotributo,1,9,11.11%,11.11
osde devoto,1,8,12.5%,6
sancor salud san miguel de tucumán,1,8,12.5%,9
compare ya,1,8,12.5%,9.62
cuanto sale osde,1,8,12.5%,32.88
luis pasteur opiniones,1,7,14.29%,3.57
prevención salud resistencia chaco,1,7,14.29%,5
prepagas en mar del plata,1,7,14.29%,7.57
prepagas caba,1,7,14.29%,11.71
premedic,1,7,14.29%,22.71
swiss medical smg02,1,6,16.67%,1
plan f800,1,6,16.67%,3.83
prepagas que cubren tratamientos de fertilidad,1,6,16.67%,9.17
cartilla del hospital italiano,1,6,16.67%,10.5
cartilla swis medical,1,5,20%,7.4
obra social vs prepaga,1,5,20%,9.4
cuanto sale osde 510,1,5,20%,9.6
mar del plata,1,5,20%,10.2
plan swiss medical smg02,1,4,25%,1
luis pasteur cartilla online,1,4,25%,10.75
sin copagos,1,3,33.33%,2.33
1,1,3,33.33%,5.33
cartilla swiss medical s1,1,3,33.33%,6.67
swiss medical plan smg30 precio,1,3,33.33%,8
prevencion salud para monotributistas,1,3,33.33%,10.67
medicus odontologia,1,2,50%,3.5
precio de prepagas,1,2,50%,4.5
prevencion salud planes y precios,1,2,50%,6
comparador de obras sociales,1,2,50%,13
cemic oncologia,1,1,100%,2
procrearte,1,1,100%,3
sancor salud san nicolas,1,1,100%,3
cual es mas economico,1,1,100%,4
mutual osde,1,1,100%,4
swiss medical beneficios,1,1,100%,4
tengo 24,1,1,100%,4
a,1,1,100%,5
obra social prepagas,1,1,100%,6
en escobar,1,1,100%,7
relacion de dependencia,1,1,100%,7
hospital italiano zona norte,1,1,100%,8
ramos mejía,1,1,100%,8
hominis mar del plata,1,1,100%,10
cartilla global swiss medical,1,1,100%,11
en neuquén,1,1,100%,12
sancor salud gualeguaychú,1,1,100%,12
carrilla osde,1,1,100%,13
prevencion salud,0,747,0%,5.89
cartilla sancor salud,0,295,0%,9.56
osde flux precio,0,224,0%,10.06
premedic cartilla,0,215,0%,10.67
osde rosario,0,197,0%,8.18
cartilla swiss medical smg20,0,181,0%,9.06
swiss medical rosario,0,174,0%,6.34
flux osde,0,162,0%,9.19
osde planes precios 2026,0,160,0%,10.14
cartilla prevencion salud,0,129,0%,6.07
osde salta,0,125,0%,9.76
cuales son las mejores prepagas de argentina,0,117,0%,9.22
osde neuquen,0,116,0%,8.07
cemic belgrano turnos,0,112,0%,9.55
sancor salud mendoza,0,108,0%,8.21
cual es la mejor prepaga de argentina,0,105,0%,8.86
swiss medical tucuman,0,100,0%,5.94
osde mendoza,0,98,0%,9.36
osde tucuman,0,96,0%,7.4
avalian cartilla,0,96,0%,9.06
swiss medical mendoza,0,94,0%,9.46
osde 210 precio 2026,0,91,0%,9.78
sancor salud moron,0,82,0%,12.78
swiss medical mar del plata,0,79,0%,9.78
galeno tucuman,0,75,0%,5.79
cartilla de osde,0,75,0%,6.23
prevencion salud santa fe,0,75,0%,7.57
osde la plata,0,73,0%,6.97
prevencion salud tucuman,0,72,0%,5.75
omint mar del plata,0,72,0%,5.92
osde parana,0,71,0%,7.3
sancor salud posadas,0,69,0%,10.26
plan flux osde,0,68,0%,8.19
avalian parana,0,68,0%,9.13
osde 510 precio,0,67,0%,9.93
prevencion salud salta,0,62,0%,6.63
cartilla avalian,0,60,0%,7.48
osde posadas,0,60,0%,10.68
osdepym precios 2026,0,59,0%,9.86
prevencion salud mendoza,0,58,0%,8.76
avalian santa fe,0,58,0%,10.34
swiss medical bahia blanca,0,57,0%,11.72
osde bahia blanca,0,56,0%,12.25
osde mar del plata,0,54,0%,8.81
sancor salud bahia blanca,0,54,0%,11.46
prevencion salud rio cuarto,0,53,0%,6.21
sancor salud parana,0,53,0%,10.28
mejores prepagas en argentina 2026,0,52,0%,5.88
prevencion salud mar del plata,0,51,0%,8.51
prevencion salud neuquen,0,51,0%,8.75
sancor salud mar del plata,0,51,0%,10.57
hospital italiano plan de salud,0,51,0%,10.63
cartilla cemic 2026,0,50,0%,7.5
las 10 mejores obras sociales de argentina,0,49,0%,7.45
prepaga y obra social es lo mismo,0,49,0%,9.84
plan f800 sancor salud,0,48,0%,8.02
osde 210 precio,0,47,0%,10.13
osde lomas de zamora,0,46,0%,8.8
hominis moron,0,45,0%,10.69
avalian san miguel,0,44,0%,9.55
swiss medical,0,43,0%,7.79
cartilla sancor,0,43,0%,8.37
osde corrientes,0,42,0%,7.79
osde santa fe,0,42,0%,8.45
prevencion salud corrientes,0,42,0%,9.19
galeno mendoza,0,41,0%,6.61
medife santa fe,0,40,0%,8.12
swiss medical santa fe,0,40,0%,8.8
medicus,0,39,0%,5.77
cemic palermo,0,39,0%,8
cartilla medica swiss medical,0,39,0%,8.9
mejor prepaga de argentina,0,38,0%,9.47
obra social y prepaga es lo mismo,0,37,0%,9.49
osde flux precio 2026,0,36,0%,7.39
ips misiones,0,36,0%,9.14
sancor salud rosario,0,35,0%,8.17
medife cordoba,0,34,0%,5.76
galeno cordoba,0,34,0%,7.71
mejores prepagas para monotributistas,0,34,0%,12.06
osde resistencia,0,34,0%,12.15
swiss medical parana,0,33,0%,9.55
plan osde 210 precio,0,33,0%,11.09
sancor salud caballito,0,33,0%,11.82
osde rio cuarto,0,32,0%,7.25
premedic vicente lopez,0,32,0%,9.09
cartilla luis pasteur plan n,0,32,0%,9.69
mejores obras sociales cordoba,0,31,0%,7.97
federada salud rosario,0,31,0%,9.29
prevencion salud posadas,0,30,0%,6.93
sancor salud tucumán,0,30,0%,7.57
osde ramos mejia,0,30,0%,7.67
swiss medical cartilla medica,0,30,0%,8.1
cartilla de swiss medical,0,30,0%,8.63
cemic recoleta,0,30,0%,9
cartilla sancor salud plan 1500,0,30,0%,10.1
cemic planes precios,0,29,0%,7.72
sancor salud rafaela,0,29,0%,7.72
cartilla de sancor salud,0,29,0%,8.9
plan flux osde precio,0,29,0%,9.07
osde precios 2026,0,29,0%,9.45
osde 310 precio,0,29,0%,10.38
sancor cartilla,0,29,0%,12.9
mejores prepagas de argentina,0,29,0%,21
mejores prepagas,0,28,0%,7.68
avalian concordia,0,28,0%,8.79
avalian bahia blanca,0,28,0%,8.89
plan s2 swiss medical,0,27,0%,7.74
sancor salud concordia,0,27,0%,8.59
plan smg20 swiss medical que cubre,0,27,0%,10.3
listado de prepagas en argentina,0,27,0%,10.7
plan médico obligatorio,0,27,0%,18.56
swiss medical rio cuarto,0,26,0%,7.65
pmo que cubre,0,26,0%,8.46
osde caballito,0,26,0%,8.62
premedic san fernando,0,26,0%,8.62
avalian rio cuarto,0,26,0%,10.77
osde belgrano,0,25,0%,6.28
luis pasteur es obra social o prepaga,0,25,0%,6.88
cartilla swiss medical smg02,0,25,0%,7
osde vicente lopez,0,25,0%,7.08
sancor salud belgrano,0,25,0%,7.36
que prepaga es mejor en argentina,0,25,0%,9.36
cartilla cemic,0,25,0%,9.76
sancor salud san miguel,0,25,0%,11
osdepym,0,24,0%,2.08
pmo 2026,0,24,0%,3.5
prevencion salud bahia blanca,0,24,0%,5.21
avalian,0,24,0%,5.92
prevencion salud parana,0,24,0%,7.71
avalian caballito,0,24,0%,8.75
cartilla luis pasteur plan p,0,24,0%,10.25
mejores obras sociales en mendoza,0,23,0%,4.13
cartilla prevencion,0,23,0%,5
avalian tucuman,0,23,0%,5.35
osde flux que cubre,0,23,0%,6.48
galeno san miguel,0,23,0%,6.7
smg cartilla,0,23,0%,6.74
medicus mendoza,0,23,0%,7.17
prevencion cartilla,0,23,0%,7.35
flux osde precio,0,23,0%,8.04
cual es la obra social mas barata,0,23,0%,9.74
medife caballito,0,23,0%,10.52
pmo actualizado 2026 pdf,0,22,0%,1
smg20,0,22,0%,5.18
galeno rosario,0,22,0%,5.86
plan sancor f800,0,22,0%,6.23
medife lomas de zamora,0,22,0%,8.14
osde san miguel,0,21,0%,5.05
sancor salud f800,0,21,0%,5.81
ranking de las mejores obras sociales en argentina,0,21,0%,6.43
cartilla de prestadores swiss medical,0,21,0%,7.9
osde monte grande,0,21,0%,8
avalian villa maria,0,21,0%,9.1
cuanto sale osde flux,0,21,0%,9.33
que obra social es mejor osde o swiss medical,0,21,0%,9.43
subsidio celiaquia 2026,0,21,0%,9.86
cartilla hospital italiano,0,21,0%,10.05
osde pilar,0,21,0%,10.76
medife quilmes,0,21,0%,11.76
cartilla medica prevencion salud,0,21,0%,18.29
cartilla smg,0,20,0%,7
swiss medical plan s2,0,20,0%,7.55
osde flux cobertura,0,20,0%,7.75
avalian caba,0,20,0%,9.15
cartilla luis pasteur,0,20,0%,10.1
sancor salud lanus,0,20,0%,10.7
hospital italiano plan de salud precios,0,20,0%,10.85
swiss medical cartilla smg20,0,20,0%,13.15
swiss medical smg20,0,19,0%,6.58
medife adrogue,0,19,0%,7.21
galeno moron,0,19,0%,8.16
prepaga odontologica,0,19,0%,8.95
prepagas en resistencia chaco,0,19,0%,9.32
avalian ramos mejia,0,19,0%,10.89
medife planes precios 2026,0,19,0%,10.89
medicus quilmes,0,19,0%,11.74
prepagas en argentina,0,19,0%,15.37
hospital italiano caballito,0,18,0%,7.78
sancor salud cordoba,0,18,0%,8.39
que es el plan flux de osde,0,18,0%,8.44
cual es la prepaga mas barata en argentina,0,18,0%,9.61
precios osde 2026,0,18,0%,9.61
subsidio para celíacos 2026,0,18,0%,9.67
plan osde 510 precio,0,18,0%,10
luis pasteur cartilla,0,18,0%,10.44
cemic prepaga,0,18,0%,18.33
osde planes,0,18,0%,26.5
smg02,0,17,0%,2.82
avial near me,0,17,0%,3.24
cartilla inteligente,0,17,0%,5.47
prevencion salud resistencia,0,17,0%,6
cual es la mejor prepaga de argentina 2026,0,17,0%,6.06
cuáles son las mejores prepagas de argentina,0,17,0%,7.35
cuál es la mejor prepaga en argentina,0,17,0%,7.88
cuál es la diferencia entre obra social y prepaga,0,17,0%,9.29
prevencion salud cartilla,0,17,0%,16.35
avalian o sancor salud,0,16,0%,3.69
prevencion salud resistencia chaco,0,16,0%,4.38
plan smg20 swiss medical,0,16,0%,6.88
cuales son las mejores prepagas de salud en argentina,0,16,0%,6.94
osde yerba buena,0,16,0%,7.38
plan smg20 swiss medical precio 2026,0,16,0%,7.38
prevencion salud caba,0,16,0%,7.81
cartilla de prestadores sancor salud,0,16,0%,8.25
cartilla osde salta,0,16,0%,8.75
osde 310 precio 2026,0,16,0%,8.81
swiss medical la plata,0,16,0%,8.94
avalian venado tuerto,0,16,0%,9.25
cual es la prepaga mas economica en argentina,0,16,0%,9.44
hospital italiano belgrano,0,16,0%,9.5
sancor salud resistencia,0,16,0%,10.19
osde concordia,0,16,0%,10.62
premedic lomas de zamora,0,16,0%,11.25
galeno belgrano,0,16,0%,11.44
premedic pilar,0,16,0%,12.12
sancorsalud,0,15,0%,6
prevención salud rosario,0,15,0%,6.13
que es mejor osde o swiss medical,0,15,0%,9.33
cuanto sale una prepaga en argentina 2026,0,15,0%,9.4
prevención salud mar del plata,0,15,0%,9.4
cartilla medica swiss medical smg20,0,15,0%,9.47
prepaga luis pasteur opiniones,0,15,0%,9.93
medifé planes precios 2026,0,15,0%,11
prepagas en salta,0,14,0%,4.29
cemic lomas de zamora,0,14,0%,4.64
medife san miguel,0,14,0%,6.64
smg20 swiss medical,0,14,0%,7.43
sancor cartilla de prestadores,0,14,0%,8
plan n,0,14,0%,8.43
cuanto cuesta osde flux,0,14,0%,8.64
galeno lomas de zamora,0,14,0%,9.07
sancor salud yerba buena,0,14,0%,9.07
osde o swiss medical,0,14,0%,9.21
cemic cartilla,0,14,0%,9.43
cuanto sale el plan flux de osde,0,14,0%,9.43
cual es la prepaga mas barata,0,14,0%,9.86
mejores obras sociales en salta,0,13,0%,3.77
cual es la mejor obra social en salta,0,13,0%,4.69
prevención salud tucumán,0,13,0%,5.69
cemic prepaga precios,0,13,0%,6.62
cual es la mejor obra social en cordoba,0,13,0%,6.69
sancor f800 cartilla,0,13,0%,7
plan p,0,13,0%,7.08
osde cutral co,0,13,0%,7.15
osde san martin de los andes,0,13,0%,7.85
plan s2,0,13,0%,7.85
cartilla prestadores swiss medical,0,13,0%,8.31
plan flux,0,13,0%,8.38
sancor salud córdoba,0,13,0%,8.54
es mejor osde o swiss medical,0,13,0%,8.77
avalian san isidro,0,13,0%,9.31
medife plan oro,0,13,0%,9.46
plan n luis pasteur,0,13,0%,9.54
federada salud parana,0,13,0%,10.08
cartilla sancor salud plan 3000,0,13,0%,10.69
precio osde 210,0,13,0%,11.46
sancor salud villa maria,0,13,0%,11.54
obra social que cubra ortodoncia,0,13,0%,11.69
prepaga,0,12,0%,4.58
prepagas en misiones,0,12,0%,5.25
osde flux vs 210,0,12,0%,7
plan s2 swiss medical cartilla,0,12,0%,7.08
prevencion salud concordia,0,12,0%,7.08
pasteur prepaga,0,12,0%,8.08
sancor salud precios 2026,0,12,0%,8.42
cual es mejor osde o swiss medical,0,12,0%,8.92
osde 410 precio 2026,0,12,0%,8.92
prepagas en parana,0,12,0%,8.92
osde flux que plan es,0,12,0%,9.08
que es osde flux,0,12,0%,9.25
swiss medical smg20 cartilla,0,12,0%,9.25
medife pilar,0,12,0%,9.42
plan 800 sancor salud,0,12,0%,9.5
swiss medical quilmes,0,12,0%,9.67
osde escobar,0,12,0%,9.92
sancor salud san rafael,0,12,0%,10
prepaga para mayores de 60 años,0,12,0%,10.17
cemic atiende swiss medical,0,12,0%,10.92
plan medico obligatorio,0,12,0%,42
precio,0,11,0%,3.27
cemic flores,0,11,0%,5
prevencion salud cartillas,0,11,0%,5.91
prevención salud santa fe,0,11,0%,6.55
medicus rosario,0,11,0%,6.64
mejores prepagas precio calidad,0,11,0%,6.91
planes sancor salud f800,0,11,0%,6.91
sancor salud venado tuerto,0,11,0%,7.18
osde valores planes 2026,0,11,0%,7.91
cartilla swiss medical smg30,0,11,0%,8.73
sancor salud tandil,0,11,0%,9
plan oro medife,0,11,0%,9.09
medicus neuquen,0,11,0%,9.55
obra social es lo mismo que prepaga,0,11,0%,9.73
precio osde flux,0,11,0%,9.73
prevención salud neuquén,0,11,0%,9.82
mejores obras sociales argentina,0,11,0%,9.91
swiss medical planes precios 2026,0,11,0%,9.91
cotizacion osde,0,11,0%,10.64
cuanto sale la obra social swiss medical,0,11,0%,10.73
osde flores,0,11,0%,10.73
prepaga dental,0,11,0%,10.91
cemic cartilla médica zona norte,0,11,0%,11.64
fotheringham 155 neuquén,0,11,0%,11.73
obra social luis pasteur,0,11,0%,13.64
sancor salud quilmes,0,11,0%,17.09
cual es la mejor prepaga en argentina,0,11,0%,29.55
mejores obras sociales argentina 2026,0,10,0%,5.8
cartilla osde online,0,10,0%,6
prevención salud salta,0,10,0%,6.3
sancor plan f800,0,10,0%,6.3
plan smg02 swiss medical que cubre,0,10,0%,6.4
prevención salud bahía blanca,0,10,0%,6.4
prevencion salud gualeguaychu,0,10,0%,6.8
obra social sancor salud tucuman,0,10,0%,7.4
flux osde que cubre,0,10,0%,7.7
swiss medical plan smg20 precio,0,10,0%,7.7
cartillas swiss medical,0,10,0%,7.9
que es mejor swiss medical o osde,0,10,0%,8.1
prevención salud - tucumán fotos,0,10,0%,8.2
cartilla medica prevencion,0,10,0%,8.4
medife oro,0,10,0%,8.4
prepagas para mayores de 60 años,0,10,0%,8.5
pmo odontologia 2026,0,10,0%,8.6
obras sociales mar del plata precios,0,10,0%,8.8
que es flux de osde,0,10,0%,8.8
la obra social cubre los brackets,0,10,0%,8.9
prepaga luis pasteur planes precios,0,10,0%,9.1
cual es la mejor prepaga de salud en argentina,0,10,0%,9.2
cuanto cuesta osde 210,0,10,0%,9.3
mejor obra social en cordoba,0,10,0%,9.5
plan 410 osde precio,0,10,0%,9.5
smg20 cartilla,0,10,0%,9.5
premedic caballito,0,10,0%,9.8
cual es la mejor obra social sindical,0,10,0%,10
pmo cobertura,0,10,0%,10
mater dei prepagas,0,10,0%,10.3
luis pasteur cartilla plan n,0,10,0%,10.4
prevencion salud villa maria,0,10,0%,10.5
sancor salud lomas de zamora,0,10,0%,10.9
swiss medical ramos mejia,0,10,0%,12.7
cemic swiss medical,0,9,0%,4.78
que obra social es mejor en tucuman,0,9,0%,4.78
cartilla swiss medical mendoza,0,9,0%,5.56
medife,0,9,0%,5.78
swiss medical plan smg20,0,9,0%,5.78
cartilla prevención salud,0,9,0%,6.22
osde plan flux precio,0,9,0%,6.56
cartilla de prevencion,0,9,0%,6.89
sancor salud plan 800 precio,0,9,0%,7.22
mejores obras sociales prepagas argentina,0,9,0%,7.33
cartilla de prestadores prevencion salud,0,9,0%,7.44
prepagas argentina ranking,0,9,0%,7.78
cartilla pasteur,0,9,0%,7.89
sancor salud cartilla de prestadores,0,9,0%,8
avalian cordoba,0,9,0%,8.11
galeno bahia blanca,0,9,0%,8.33
osde 310 cartilla,0,9,0%,8.33
osde o swiss medical cual es mejor,0,9,0%,8.33
cartilla de prevención salud,0,9,0%,8.44
plan osde flux,0,9,0%,8.56
prepagas económicas para jóvenes,0,9,0%,8.67
swiss medical vs osde,0,9,0%,8.67
osde cartilla mendoza,0,9,0%,8.78
subsidio por celiaquia 2026,0,9,0%,8.78
prevencion salud rafaela,0,9,0%,8.89
cartilla smg20 swiss medical,0,9,0%,9.11
medife neuquen,0,9,0%,9.11
cuanto sale swiss medical por mes 2026,0,9,0%,9.33
plan s2 swiss medical que cubre,0,9,0%,9.33
cuanto cuesta swiss medical 2026,0,9,0%,9.44
hospital italiano planes,0,9,0%,9.89
obras sociales prepagas en mendoza,0,9,0%,10.11
prepaga para monotributistas,0,9,0%,10.11
prepagas con monotributo,0,9,0%,10.11
que prepagas aceptan monotributistas,0,9,0%,10.22
galeno pilar,0,9,0%,10.56
cartilla omint,0,9,0%,10.67
avalian neuquen,0,9,0%,10.78
plan 310 osde precio,0,9,0%,10.78
premedic acepta monotributo,0,9,0%,10.78
obras sociales prepagas baratas,0,9,0%,10.89
hospital italiano barrio norte,0,9,0%,11
osde villa maria,0,9,0%,11.33
plan salud hospital italiano,0,9,0%,12.11
obras sociales en corrientes,0,9,0%,12.78
cartilla sancor salud mendoza,0,9,0%,14.67
plan de salud hospital italiano,0,9,0%,26.56
obras sociales en mendoza,0,9,0%,27.56
prepagas argentina,0,9,0%,44.11
prepagas en tucumán precios,0,8,0%,2.62
planes osde precios,0,8,0%,3.88
osde cartillas,0,8,0%,4.62
swiss medical sport plan precio,0,8,0%,5.75
particular,0,8,0%,6.38
mejores prepagas argentina 2026,0,8,0%,6.5
medicus la plata,0,8,0%,6.75
cartilla smg30,0,8,0%,7.38
plan f800 sancor salud que cubre,0,8,0%,7.38
galeno obra social tucuman,0,8,0%,7.5
las mejores prepagas,0,8,0%,7.88
osde venado tuerto,0,8,0%,7.88
osde flux beneficios,0,8,0%,8.25
swiss medical plan joven,0,8,0%,8.5
osdepym es obra social o prepaga,0,8,0%,8.75
plan s1 swiss medical cartilla,0,8,0%,8.88
swiss medical pmo,0,8,0%,9.12
cual es mejor swiss medical o osde,0,8,0%,9.25
obras sociales en córdoba precios,0,8,0%,9.25
sancor mendoza,0,8,0%,9.25
prepaga cemic,0,8,0%,9.38
red galeno tucuman,0,8,0%,9.38
swiss medical cartilla smg30,0,8,0%,9.38
avalian mar del plata,0,8,0%,9.75
luis pasteur plan n,0,8,0%,9.75
pmo argentina 2026,0,8,0%,9.88
obra social que cubra implantes dentales,0,8,0%,10.25
lista de prepagas en argentina,0,8,0%,10.38
precios de prepagas 2026,0,8,0%,10.38
galeno caballito,0,8,0%,10.62
medife bahia blanca,0,8,0%,10.62
premedic la plata,0,8,0%,11.12
sancor moron,0,8,0%,11.38
implantes dentales medife,0,8,0%,19.12
"¿cuál es la mejor opción de seguro para mí si busco buena atención y 
cobertura clara? entregame las urls de argentina",0,7,0%,1
obra social,0,7,0%,4.29
osde.com.ar cartilla,0,7,0%,4.71
cemic,0,7,0%,4.86
cual es la mejor obra social en neuquen,0,7,0%,5.14
carencias preexistentes,0,7,0%,5.71
osdecartilla,0,7,0%,6
copago swiss medical,0,7,0%,6.14
prepagas en mendoza precios,0,7,0%,6.14
sancor salud plan f800,0,7,0%,6.29
omint bahia blanca,0,7,0%,6.57
prepaga pasteur,0,7,0%,7
plan mas alto de swiss medical,0,7,0%,7.43
sancor salud resistencia chaco,0,7,0%,7.43
aumento prepagas agosto 2026,0,7,0%,7.57
cartilla sancor salud f800,0,7,0%,7.57
mejores obras sociales en córdoba,0,7,0%,7.57
smg20 vs smg30,0,7,0%,7.71
plan swiss medical smg20,0,7,0%,7.86
que incluye el plan flux de osde,0,7,0%,7.86
galeno mar del plata,0,7,0%,8
sancor salud cordoba capital,0,7,0%,8
swiss medical medicina privada mar del plata,0,7,0%,8.14
obra social prepaga mendoza,0,7,0%,8.29
sancor salud f800 cartilla,0,7,0%,8.29
osde fluc,0,7,0%,8.43
cuales son las mejores prepagas,0,7,0%,8.57
prevención salud cartilla,0,7,0%,8.57
principales prepagas en argentina,0,7,0%,8.71
sancor san miguel,0,7,0%,8.71
galeno san rafael,0,7,0%,8.86
medicus bahia blanca,0,7,0%,8.86
osde san rafael,0,7,0%,9
luis pasteur plan p,0,7,0%,9.14
osde 310,0,7,0%,9.29
premedic cartilla zona norte,0,7,0%,9.43
prevencion cartilla medica,0,7,0%,9.43
obras sociales que cubren ortodoncia,0,7,0%,9.71
precio de osde 410,0,7,0%,9.86
medicus san miguel,0,7,0%,10
medifé cartilla zona sur,0,7,0%,10
obra social mas barata,0,7,0%,10
swiss medical plan global,0,7,0%,10
diferencia entre obra social y prepaga en argentina,0,7,0%,10.14
prestadores de sancor salud,0,7,0%,10.43
planes de osde precios 2026,0,7,0%,10.57
obra social luis pasteur cartilla,0,7,0%,10.71
plan osde 410 precio,0,7,0%,10.71
luis pasteur planes precios,0,7,0%,11
precios osde,0,7,0%,11
swiss medical s2,0,7,0%,11
obra social hospital italiano precios,0,7,0%,11.29
osde prepaga precios,0,7,0%,11.29
swiss medical concordia,0,7,0%,11.29
cemic caballito,0,7,0%,11.86
sancor salud san isidro,0,7,0%,12
nueva cartilla luis pasteur,0,7,0%,12.29
sancor salud precios,0,7,0%,12.57
mejor prepaga argentina,0,7,0%,25.71
seguros salud comparativa,0,7,0%,84.29
"¿qué empresa de seguros tiene mejores condiciones para una persona que 
quiere contratar de forma particular? entregame las urls de argentina",0,6,0%,2.17
¿cuáles son las mejores prepagas en argentina?,0,6,0%,4.5
que obra social es mejor en mendoza,0,6,0%,4.83
plan f800 sancor,0,6,0%,5.33
cuanto sale sancor salud por mes,0,6,0%,5.5
omint quilmes,0,6,0%,5.5
que cubre el pmo,0,6,0%,5.5
avalian tandil,0,6,0%,5.83
obra social prevención salud,0,6,0%,6.17
cartilla.osde,0,6,0%,6.83
mendoza,0,6,0%,6.83
swiss medical plan s2 cobertura,0,6,0%,6.83
¿cuál es el mejor seguro de salud en argentina?,0,6,0%,7
hospital italiano,0,6,0%,7.17
osde flux vs osde 310,0,6,0%,7.17
osde 210 cartilla,0,6,0%,7.5
luis pasteur,0,6,0%,7.67
prevencion salud san rafael,0,6,0%,7.67
cartilla sancor f800,0,6,0%,7.83
mejor prepaga precio calidad,0,6,0%,7.83
la mejor prepaga de argentina,0,6,0%,8.17
premedic precios 2026,0,6,0%,8.33
medicus cartilla zona norte,0,6,0%,8.5
swiss medical en mar del plata,0,6,0%,8.5
galenos,0,6,0%,8.67
medife rosario,0,6,0%,8.83
osde salta capital,0,6,0%,8.83
cartilla de prestadores sancor,0,6,0%,9
cuantas sesiones de kinesiologia cubre swiss medical,0,6,0%,9
sancor salud cartilla zona oeste,0,6,0%,9
que cubre el plan smg20 swiss medical,0,6,0%,9.17
aumentos prepagas 2026,0,6,0%,9.33
cemic quilmes,0,6,0%,9.5
cartilla plan de salud hospital italiano,0,6,0%,9.67
medife precios 2026,0,6,0%,9.83
osde precios,0,6,0%,9.83
sancor salud cartilla medica,0,6,0%,9.83
listado prepagas argentina,0,6,0%,10
opiniones de prevención salud - tucumán,0,6,0%,10
precio de osde,0,6,0%,10.17
precio swiss medical 2026,0,6,0%,10.17
sancor salud plan 3000 precio,0,6,0%,10.17
medife cordoba capital,0,6,0%,10.67
listado de obras sociales en mendoza,0,6,0%,10.83
osde rafaela,0,6,0%,10.83
plan 800 de sancor salud,0,6,0%,10.83
precio osde 510,0,6,0%,10.83
sancor salud monte grande,0,6,0%,10.83
luis pasteur cartilla plan p,0,6,0%,11
sancor salud neuquén,0,6,0%,11
valor osde 210,0,6,0%,11
cuales son las prepagas mas economicas,0,6,0%,11.17
medicus zona oeste,0,6,0%,11.17
swiss medical villa maria,0,6,0%,11.33
precio plan flux osde,0,6,0%,11.5
sancor salud la plata,0,6,0%,11.67
galenos salta,0,6,0%,12
prepaga barata,0,6,0%,12.17
costo osde 310,0,6,0%,12.33
osde en quilmes,0,6,0%,13.17
sancor salud paraná,0,6,0%,13.67
planes de swiss medical,0,6,0%,14
swiss medical planes precios,0,6,0%,16.33
mejor prepaga,0,6,0%,45.33
comparativa seguros de salud,0,6,0%,80.83
sancor salud planes precios 2026,0,5,0%,2.8
obras sociales,0,5,0%,3
y swiss medical?,0,5,0%,3.6
cemic banfield,0,5,0%,4
cemic obras sociales que atiende,0,5,0%,4.6
cotizar osde,0,5,0%,4.8
"¿qué clínicas privadas y sanatorios trabajan con las principales prepagas 
en argentina?",0,5,0%,5
avalian carlos paz,0,5,0%,5.2
plan fux osde que cubre,0,5,0%,5.2
premedic mar del plata,0,5,0%,5.4
sancor salud san martin de los andes,0,5,0%,5.4
¿qué prepaga tiene la mejor cartilla de médicos en argentina?,0,5,0%,5.4
cuanto sale,0,5,0%,5.6
omint la plata,0,5,0%,5.6
f800,0,5,0%,5.8
osde planes precios,0,5,0%,5.8
cartilla inteligente osde,0,5,0%,6
osde mi cartilla,0,5,0%,6
plan flux osde que cubre,0,5,0%,6.2
pmo,0,5,0%,6.2
flux obra social,0,5,0%,6.8
prevención salud rio cuarto,0,5,0%,6.8
swiss medical copago,0,5,0%,6.8
swiss medical smg20 vs osde 210,0,5,0%,6.8
plan s1,0,5,0%,7.2
cemic zona norte,0,5,0%,7.4
osde y swiss medical,0,5,0%,7.4
plan f800 sancor salud cartilla,0,5,0%,7.4
preexistencias medicas,0,5,0%,7.4
cuanto sale la prepaga sancor salud,0,5,0%,7.6
luis pasteur odontologia,0,5,0%,7.6
sancor,0,5,0%,7.6
cemic moron,0,5,0%,7.8
osde gualeguaychu,0,5,0%,7.8
salta capital,0,5,0%,7.8
¿qué prepaga tiene la mejor cobertura en argentina?,0,5,0%,7.8
louis pasteur prepaga,0,5,0%,8.2
plan dental precio,0,5,0%,8.2
plan medico obligatorio que cubre,0,5,0%,8.2
swiss medical cartillas,0,5,0%,8.2
2,0,5,0%,8.4
sancor salud en la plata,0,5,0%,8.4
cartilla swissmedical,0,5,0%,8.6
hospital italiano prepaga,0,5,0%,8.6
sancor 1500 cartilla,0,5,0%,8.6
sancor salud san justo,0,5,0%,8.6
sport plan,0,5,0%,8.6
cartilla de prestadores de sancor salud,0,5,0%,8.8
cartilla prestadores prevencion salud,0,5,0%,8.8
obra social de directivos y empresarios peque¥os y medianos,0,5,0%,8.8
flux de osde,0,5,0%,9
las mejores obras sociales de argentina,0,5,0%,9
osde flux edad,0,5,0%,9
obra social osde salta,0,5,0%,9.4
osde flux que es,0,5,0%,9.4
plan flux de osde,0,5,0%,9.6
swis medical cartilla,0,5,0%,9.6
galeno escobar,0,5,0%,9.8
osde argentina precios,0,5,0%,9.8
precio osde 410,0,5,0%,9.8
cuanto sale swiss medical por mes,0,5,0%,10
omint lomas de zamora,0,5,0%,10
plan de salud hiba,0,5,0%,10
sancor salud precio,0,5,0%,10
cuanto cuesta el plan flux de osde,0,5,0%,10.2
cuanto vale osde 210,0,5,0%,10.4
prepaga mas barata en argentina,0,5,0%,10.4
prevención salud mendoza,0,5,0%,10.4
que diferencia hay entre obra social y prepaga,0,5,0%,10.4
obra social swiss medical precio,0,5,0%,10.6
valor de osde 210,0,5,0%,10.6
¿qué conviene más en argentina: swiss medical o osde?,0,5,0%,10.6
obra social precios 2026,0,5,0%,10.8
prepagas accesibles,0,5,0%,10.8
sancor salud plan 800 que cubre,0,5,0%,10.8
osde resistencia chaco,0,5,0%,11
sancor cordoba capital,0,5,0%,11
sancor salud plan 1000 precio,0,5,0%,11.2
luis pasteur obra social,0,5,0%,11.8
osde cordoba capital,0,5,0%,11.8
planes hospital italiano,0,5,0%,11.8
osde corrientes capital,0,5,0%,12
swiss medical zona sur,0,5,0%,12.2
sancor salud ramos mejia,0,5,0%,13.2
prepaga capital federal,0,5,0%,16
que obra social cubre implantes dentales,0,5,0%,18.2
planes swiss medical,0,5,0%,18.4
cartilla hospital italiano plan de salud,0,5,0%,20.6
ranking mejores prepagas argentina,0,5,0%,25.8
programa medico obligatorio,0,5,0%,27.8
obras sociales argentina,0,5,0%,32.8
prepagas precios 2021,0,5,0%,49.2
medicus cartilla,0,5,0%,50.8
cotizador prepaga,0,5,0%,63.4
comparativa seguros salud,0,5,0%,85
smg02 swiss medical,0,4,0%,1
swiss medical para mayores de 65 años,0,4,0%,1.5
obras sociales tucuman,0,4,0%,2.25
swiss medical plan smg02,0,4,0%,2.75
fundación luis pasteur,0,4,0%,3
precios,0,4,0%,3
swiss medical smg 20,0,4,0%,3
obra social y prepaga diferencia,0,4,0%,3.25
obras sociales en cordoba,0,4,0%,3.25
"¿qué prepaga conviene para alguien que trabaja por cuenta propia en 
argentina?",0,4,0%,3.5
cobertura pmo,0,4,0%,3.75
diferencia entre prepaga y obra social,0,4,0%,3.75
hospital italiano avellaneda,0,4,0%,4
osde,0,4,0%,4
que prepaga es buena y barata,0,4,0%,4
¿qué prepaga tiene la mejor atención al cliente en argentina?,0,4,0%,4.25
prestadores de prevencion salud,0,4,0%,4.5
prestadores prevencion,0,4,0%,4.75
prestadores prevencion salud,0,4,0%,4.75
smg30,0,4,0%,4.75
cuáles son las mejores prepagas,0,4,0%,5.25
córdoba capital,0,4,0%,5.25
osde barrio norte,0,4,0%,5.25
planes prevencion salud,0,4,0%,5.25
obra social cemic precios,0,4,0%,5.5
osde cartila,0,4,0%,5.5
precio osde 310,0,4,0%,5.75
suit medical,0,4,0%,5.75
swiss medical plan premium,0,4,0%,5.75
cuales son las mejores obras sociales de argentina,0,4,0%,6
prevencion salud cotizar,0,4,0%,6
prevenir salud,0,4,0%,6
sport plan swiss medical precio,0,4,0%,6
prepagas en argentina precios,0,4,0%,6.25
sancor salud cuanto sale por mes,0,4,0%,6.25
osde cartilla inteligente,0,4,0%,6.5
tengo swiss medical,0,4,0%,6.5
osde obra social cartilla,0,4,0%,6.75
que prepaga es mejor osde o swiss medical,0,4,0%,6.75
swiss medical coberturas,0,4,0%,6.75
cuál es la mejor prepaga de argentina,0,4,0%,7
medifé plan oro precio,0,4,0%,7
obra social italiano precio,0,4,0%,7
obra social prevencion salud,0,4,0%,7
sancor belgrano,0,4,0%,7
carilla osde,0,4,0%,7.25
obra social o prepaga diferencia,0,4,0%,7.25
osde adrogue,0,4,0%,7.25
prevencion salud planes,0,4,0%,7.25
cartilla medicus,0,4,0%,7.5
medifé rosario,0,4,0%,7.5
plan smg 20,0,4,0%,7.5
planes de osde precios,0,4,0%,7.75
prevision salud,0,4,0%,7.75
avalian salud rosario,0,4,0%,8
sancor salud vicente lopez,0,4,0%,8
swiss medical precios 2026,0,4,0%,8
¿cuáles son las 5 mejores prepagas de argentina?,0,4,0%,8
cuales son las mejores prepagas en argentina,0,4,0%,8.25
osde 430,0,4,0%,8.25
prepagas buenas en argentina,0,4,0%,8.25
sancor prepaga precios,0,4,0%,8.25
galeno obra social neuquen,0,4,0%,8.5
obra social o prepaga cual es mejor,0,4,0%,8.5
prepaga hospital italiano,0,4,0%,8.5
cartilla prestadores sancor,0,4,0%,8.75
cartilla swiss medical plan smg20,0,4,0%,8.75
galeno rio cuarto,0,4,0%,8.75
galeno vicente lopez,0,4,0%,8.75
sancor 800 cartilla,0,4,0%,8.75
top prepagas en argentina para familias,0,4,0%,8.75
osde mar del plata colon,0,4,0%,9
osde tandil,0,4,0%,9
plan s1 swiss medical,0,4,0%,9
swiss medical tandil,0,4,0%,9
avalian salud concordia,0,4,0%,9.25
plan swiss medical,0,4,0%,9.25
prepagas zona oeste precios,0,4,0%,9.25
diferencia entre obras sociales y prepagas,0,4,0%,9.5
sancor salud bahía blanca,0,4,0%,9.5
swiss medical planes smg20,0,4,0%,9.5
tucuman,0,4,0%,9.5
hospital italiano planes precios,0,4,0%,9.75
precios de osde 2026,0,4,0%,9.75
cartilla de sancor,0,4,0%,10
hospital italiano palermo,0,4,0%,10
que es osdepym,0,4,0%,10
que obra social cubre los brackets,0,4,0%,10
cual es la mejor obra social prepaga en argentina,0,4,0%,10.25
hospital italiano cartilla,0,4,0%,10.25
plan smg50,0,4,0%,10.25
que plan es osde flux,0,4,0%,10.25
swiss medical plan s1,0,4,0%,10.25
comparar prepagas,0,4,0%,10.5
pasteur cartilla,0,4,0%,10.5
cartilla sancor salud 3000,0,4,0%,10.75
cuales son las mejores obras sociales sindicales de argentina,0,4,0%,10.75
costo osde 210,0,4,0%,11
pmo completo,0,4,0%,11
prevencion,0,4,0%,11
swiss medical bahía blanca,0,4,0%,11
prepagas mar del plata precios,0,4,0%,11.25
costo de osde 210,0,4,0%,11.5
hominis morón,0,4,0%,11.75
swiss medical san rafael,0,4,0%,11.75
cuanto cuesta osde,0,4,0%,12
medicus zona norte,0,4,0%,12
cual es el plan mas alto de swiss medical,0,4,0%,12.25
cartilla osde 310,0,4,0%,13.75
plan hospital italiano,0,4,0%,13.75
sancor salud pilar,0,4,0%,14
galeno prepaga,0,4,0%,15.75
cual es la mejor prepaga,0,4,0%,16
osde cartilla 310,0,4,0%,18
hospital italiano cotizar plan,0,4,0%,18.25
donde queda osde en corrientes,0,4,0%,20.25
swiss medical precios,0,4,0%,40.5
nombres de prepagas,0,4,0%,43.25
obra social sancor salud precios,0,4,0%,47.75
precios prepaga,0,4,0%,49
galeno precios,0,4,0%,69
plan smg02 swiss medical,0,3,0%,1
opciones de prepaga con alta calidad en argentina,0,3,0%,1.33
obra social mendoza,0,3,0%,1.67
obra social tucuman,0,3,0%,2
avalian obra social,0,3,0%,2.33
obras sociales en salta,0,3,0%,2.67
prepaga obra social,0,3,0%,2.67
omint,0,3,0%,3.33
plan smg02,0,3,0%,3.33
city salud posadas,0,3,0%,3.67
precios?,0,3,0%,3.67
cuál es la mejor prepaga,0,3,0%,4
sancord salud,0,3,0%,4.33
tope de gastos medicos deducibles 2026,0,3,0%,4.67
cartillas osde,0,3,0%,5
swiss medical o medicus: ¿cuál es mejor para atención en caba y gba?,0,3,0%,5
cartilla medica de swiss medical,0,3,0%,5.33
obra social de directivos y empresarios pequeños y medianos,0,3,0%,5.33
osde cartill,0,3,0%,5.33
que plan de swiss medical cubre una cesarea,0,3,0%,5.33
ranking obras sociales,0,3,0%,5.33
cual es la diferencia entre prepaga y obra social,0,3,0%,5.67
osde 360,0,3,0%,5.67
osde cartilla tucuman,0,3,0%,5.67
smg40,0,3,0%,5.67
catilla osde,0,3,0%,6
cotizar flux,0,3,0%,6
hominis,0,3,0%,6
osde santa fe capital,0,3,0%,6
plan joven swiss medical,0,3,0%,6
que prepaga cubre ortodoncia,0,3,0%,6
y osde,0,3,0%,6
y osde?,0,3,0%,6
hospital italiano en mar del plata,0,3,0%,6.33
medicus santa fe,0,3,0%,6.33
osde swiss medical,0,3,0%,6.33
prevencion salud la plata,0,3,0%,6.33
ranking de mejores prepagas en argentina,0,3,0%,6.33
swiss,0,3,0%,6.33
mi cartilla osde,0,3,0%,6.67
osde cartilla 310 caba,0,3,0%,6.67
cartilla de premedic,0,3,0%,7
cuanto cuesta sancor salud por mes,0,3,0%,7
medicus en cordoba,0,3,0%,7
osde precio,0,3,0%,7
prevenciónsalud cartilla,0,3,0%,7
sancor salid,0,3,0%,7
sancor venado tuerto,0,3,0%,7
sweet medical,0,3,0%,7
visitar avalian,0,3,0%,7
46 años,0,3,0%,7.33
medicus cartilla zona sur,0,3,0%,7.33
obra social prepaga en misiones,0,3,0%,7.33
plan sg20 swiss medical,0,3,0%,7.33
prevencion salud discapacidad,0,3,0%,7.67
prevencion salud venado tuerto,0,3,0%,7.67
prevension salud,0,3,0%,7.67
cemic san justo,0,3,0%,8
omint opiniones 2026,0,3,0%,8
precios prepagas 2026,0,3,0%,8
prevenciónsalud cartilla medica,0,3,0%,8
sancor salud barrio norte,0,3,0%,8
si por favor,0,3,0%,8
swiss medical o osde,0,3,0%,8
precios swiss medical 2026,0,3,0%,8.33
prepagas en buenos aires,0,3,0%,8.33
prevencion salud precios 2026,0,3,0%,8.33
san miguel de tucuman,0,3,0%,8.33
avalian cordoba capital,0,3,0%,8.67
avalian opiniones,0,3,0%,8.67
cartilla flux,0,3,0%,8.67
galeno tandil,0,3,0%,8.67
mi prepaga ideal,0,3,0%,8.67
planes de sancor salud precios,0,3,0%,8.67
prepaga hospital italiano opiniones,0,3,0%,8.67
prevencion salud cartilla medica,0,3,0%,8.67
sancor caballito,0,3,0%,8.67
sancor obra social precio,0,3,0%,8.67
swiss medical cordoba,0,3,0%,8.67
cemic san isidro,0,3,0%,9
cuanto sale la obra social sancor salud,0,3,0%,9
medicus en san miguel buenos aires,0,3,0%,9
precios planes sancor salud,0,3,0%,9
sancor salud en salta,0,3,0%,9
las obras sociales cubren implantes dentales,0,3,0%,9.33
medicina prepaga para monotributistas,0,3,0%,9.33
plan 1500,0,3,0%,9.33
precio de obra social sancor salud,0,3,0%,9.33
prepagas tucuman,0,3,0%,9.33
sancor salud santa fe,0,3,0%,9.33
swiss medical rafaela,0,3,0%,9.33
flux osde edad,0,3,0%,9.67
osde 410 valor,0,3,0%,9.67
prepaga sancor salud precios,0,3,0%,9.67
prevención salud - mar del plata,0,3,0%,9.67
sancor lanus,0,3,0%,9.67
sancor rafaela,0,3,0%,9.67
sancor salud avellaneda,0,3,0%,9.67
sancor salud plan 800,0,3,0%,9.67