Páginas principales,Clics,Impresiones,CTR,Posición
https://www.prepagaya.com.ar/cartillas/swiss-medical,42,2956,1.42%,8.62
https://www.prepagaya.com.ar/blog/osde-plan-flux-que-es,35,3212,1.09%,7.76
https://www.prepagaya.com.ar/guias/que-cubre-la-prepaga,30,1843,1.63%,5.33
https://www.prepagaya.com.ar/ranking,27,2778,0.97%,7.18
https://www.prepagaya.com.ar/prepagas/swiss-medical,25,3516,0.71%,7.73
https://www.prepagaya.com.ar/guias/cuota-prepaga-por-edad,24,744,3.23%,5.46
https://www.prepagaya.com.ar/guias/prepagas-para-monotributistas,23,1099,2.09%,7.71
https://www.prepagaya.com.ar/,22,306,7.19%,8.73
https://www.prepagaya.com.ar/aumentos,20,725,2.76%,5.65
https://www.prepagaya.com.ar/prepagas/tucuman/mejores-prepagas,20,505,3.96%,4.82
https://www.prepagaya.com.ar/prepagas/osde/flux-vs-210,20,374,5.35%,5.86
https://www.prepagaya.com.ar/prepagas/mendoza/mejores-prepagas,18,788,2.28%,5.96
https://www.prepagaya.com.ar/prepagas/santa-fe/mejores-prepagas,17,299,5.69%,5.36
https://www.prepagaya.com.ar/cambios/osde-a-swiss-medical,16,2495,0.64%,6.8
https://www.prepagaya.com.ar/prepagas/sancor-salud/f800,16,1087,1.47%,6.67
https://www.prepagaya.com.ar/prepagas/caba/mejores-prepagas,14,837,1.67%,7.37
https://www.prepagaya.com.ar/prepagas/luis-pasteur,12,1458,0.82%,7.69
https://www.prepagaya.com.ar/prepagas/cordoba,12,583,2.06%,7.13
https://www.prepagaya.com.ar/prepagas/misiones/mejores-prepagas,12,174,6.9%,4.8
https://www.prepagaya.com.ar/cambios/omint-a-sancor-salud,12,137,8.76%,3.99
https://www.prepagaya.com.ar/prepagas/entre-rios/mejores-prepagas,11,224,4.91%,5.12
https://www.prepagaya.com.ar/prepagas/osde,10,4330,0.23%,9.01
https://www.prepagaya.com.ar/prepagas/neuquen/mejores-prepagas,9,279,3.23%,5.08
https://www.prepagaya.com.ar/guias/prepagas-economicas,8,1065,0.75%,7.76
https://www.prepagaya.com.ar/prepagas/cordoba/mejores-prepagas,8,399,2.01%,7.09
https://www.prepagaya.com.ar/coberturas/ortodoncia,7,737,0.95%,6.71
https://www.prepagaya.com.ar/condiciones/diabetes,7,433,1.62%,5.36
https://www.prepagaya.com.ar/prepagas/neuquen,7,318,2.2%,5.93
https://www.prepagaya.com.ar/blog/sancor-vs-medife,7,240,2.92%,4.18
https://www.prepagaya.com.ar/condiciones/autismo,7,189,3.7%,5.48
https://www.prepagaya.com.ar/prepagas/chaco/mejores-prepagas,7,136,5.15%,5.58
https://www.prepagaya.com.ar/cartillas/osde,6,3883,0.15%,6.12
https://www.prepagaya.com.ar/prepagas/corrientes/mejores-prepagas,6,225,2.67%,5.58
https://www.prepagaya.com.ar/cambios/medife-a-avalian,6,108,5.56%,4.39
https://www.prepagaya.com.ar/prepagas/cemic,5,519,0.96%,7.29
https://www.prepagaya.com.ar/guias/obra-social-vs-prepaga,5,499,1%,7.75
https://www.prepagaya.com.ar/blog/osde-plan-210-vs-310,5,422,1.18%,7.66
https://www.prepagaya.com.ar/prepagas/caba/hospital-italiano,5,246,2.03%,8.86
https://www.prepagaya.com.ar/para/monotributistas,5,211,2.37%,7.13
https://www.prepagaya.com.ar/prepagas/tucuman/sancor-salud,4,704,0.57%,7.54
https://www.prepagaya.com.ar/prepagas/mendoza/sancor-salud,4,466,0.86%,7.05
https://www.prepagaya.com.ar/coberturas/oncologia,4,313,1.28%,7
https://www.prepagaya.com.ar/prepagas/tucuman,4,238,1.68%,5.84
https://www.prepagaya.com.ar/prepagas/salta/mejores-prepagas,4,206,1.94%,5.05
https://www.prepagaya.com.ar/coberturas/fertilidad,4,189,2.12%,6.87
https://www.prepagaya.com.ar/condiciones/salud-mental,4,153,2.61%,6.09
https://www.prepagaya.com.ar/prepagas/neuquen/neuquen-capital/osde,4,152,2.63%,8.17
https://www.prepagaya.com.ar/cambios/omint-a-osde,4,134,2.99%,5.3
https://www.prepagaya.com.ar/cartillas,4,132,3.03%,8.11
https://www.prepagaya.com.ar/prepagas/hospital-italiano/plan-c,4,130,3.08%,6.55
https://www.prepagaya.com.ar/guias/prepaga-para-mayores-60,4,118,3.39%,8.07
https://www.prepagaya.com.ar/comparativas/avalian-vs-swiss-medical,4,85,4.71%,3.82
https://www.prepagaya.com.ar/cartillas/sancor-salud,3,733,0.41%,10.58
https://www.prepagaya.com.ar/comparativas/avalian-vs-sancor-salud,3,383,0.78%,5.33
https://www.prepagaya.com.ar/coberturas/psicologia,3,355,0.85%,6.04
https://www.prepagaya.com.ar/prepagas/santa-fe,3,335,0.9%,6.59
https://www.prepagaya.com.ar/prepagas,3,329,0.91%,9.25
https://www.prepagaya.com.ar/prepagas/buenos-aires/mejores-prepagas,3,304,0.99%,9.04
https://www.prepagaya.com.ar/blog/cuanto-cuesta-prepaga-familia,3,208,1.44%,6.12
https://www.prepagaya.com.ar/comparador,3,183,1.64%,25.92
https://www.prepagaya.com.ar/comparativas/avalian-vs-osde,3,160,1.88%,6.21
https://www.prepagaya.com.ar/prepagas/cordoba/cordoba-capital/osde,3,140,2.14%,8.04
https://www.prepagaya.com.ar/comparativas/swiss-medical-vs-sancor-salud,3,124,2.42%,5.64
https://www.prepagaya.com.ar/obras-sociales/ips-misiones,3,121,2.48%,7.48
https://www.prepagaya.com.ar/prepagas/buenos-aires/ramos-mejia-san-justo,3,100,3%,7.62
https://www.prepagaya.com.ar/comparar,3,86,3.49%,8.77
https://www.prepagaya.com.ar/blog/mejor-prepaga-jovenes-2026,3,85,3.53%,7.11
https://www.prepagaya.com.ar/prepagas/corrientes/corrientes-capital/sancor-salud,3,84,3.57%,5.24
https://www.prepagaya.com.ar/prepagas/sancor-salud/f700,3,59,5.08%,6.93
https://www.prepagaya.com.ar/prepagas/caba/cemic,3,50,6%,12.38
https://www.prepagaya.com.ar/prepagas/sancor-salud,2,1553,0.13%,8.22
https://www.prepagaya.com.ar/coberturas/odontologia,2,1122,0.18%,6.8
https://www.prepagaya.com.ar/prepagas/osde/310,2,602,0.33%,8.94
https://www.prepagaya.com.ar/prepagas/santa-fe/rosario/prevencion-salud,2,531,0.38%,6.24
https://www.prepagaya.com.ar/cartillas/premedic,2,453,0.44%,8.4
https://www.prepagaya.com.ar/blog/mejores-obras-sociales-argentina,2,320,0.62%,7.68
https://www.prepagaya.com.ar/obras-sociales,2,318,0.63%,9.33
https://www.prepagaya.com.ar/prepagas/swiss-medical/smg50,2,310,0.65%,6.35
https://www.prepagaya.com.ar/condiciones/celiacos,2,299,0.67%,6.87
https://www.prepagaya.com.ar/prepagas/salta,2,233,0.86%,5.87
https://www.prepagaya.com.ar/prepagas/medife/oro,2,210,0.95%,7.36
https://prepagaya.com.ar/prepagas/hospital-italiano,2,187,1.07%,8.79
https://www.prepagaya.com.ar/precios,2,178,1.12%,9.11
https://www.prepagaya.com.ar/para/adultos-mayores,2,175,1.14%,8.65
https://www.prepagaya.com.ar/historial-precios,2,159,1.26%,7.68
https://www.prepagaya.com.ar/blog/prepagas-que-cubren-tratamientos-fertilidad,2,146,1.37%,7.1
https://www.prepagaya.com.ar/prepagas/premedic,2,137,1.46%,9.72
https://www.prepagaya.com.ar/prepagas/tucuman/prevencion-salud,2,126,1.59%,6.69
https://www.prepagaya.com.ar/prepagas/chaco,2,116,1.72%,6.09
https://www.prepagaya.com.ar/prepagas/neuquen/neuquen-capital/sancor-salud,2,112,1.79%,8.95
https://www.prepagaya.com.ar/prepagas/cordoba/cordoba-capital/swiss-medical,2,110,1.82%,7.48
https://www.prepagaya.com.ar/obras-sociales/ospoce,2,105,1.9%,7.67
https://www.prepagaya.com.ar/obras-sociales/osecac,2,103,1.94%,8.87
https://www.prepagaya.com.ar/prepagas/buenos-aires/quilmes/osde,2,90,2.22%,11.13
https://www.prepagaya.com.ar/para/embarazadas,2,80,2.5%,8.4
https://www.prepagaya.com.ar/prepagas/cordoba/cordoba-capital,2,67,2.99%,6.52
https://www.prepagaya.com.ar/prepagas/mendoza/mendoza-capital/avalian,2,55,3.64%,7
https://www.prepagaya.com.ar/prepagas/salta/salta-capital/galeno,2,51,3.92%,6.84
https://www.prepagaya.com.ar/prepagas/swiss-medical/smg40,2,36,5.56%,7.14
https://www.prepagaya.com.ar/prepagas/entre-rios/gualeguaychu/sancor-salud,2,36,5.56%,10.31
https://www.prepagaya.com.ar/condiciones/artritis,2,28,7.14%,4.75
https://www.prepagaya.com.ar/cambios/medife-a-swiss-medical,2,26,7.69%,4.96
https://www.prepagaya.com.ar/prepagas/santa-fe/rafaela/avalian,2,25,8%,7.76
https://www.prepagaya.com.ar/condiciones/discapacidad,2,21,9.52%,5
https://www.prepagaya.com.ar/blog/osde-vs-cemic,2,20,10%,3.25
https://www.prepagaya.com.ar/prepagas/buenos-aires/mar-del-plata/hominis,2,17,11.76%,6.88
https://www.prepagaya.com.ar/prepagas/salta/oran/prevencion-salud,2,11,18.18%,5.09
https://www.prepagaya.com.ar/prepagas/buenos-aires/escobar/galeno,2,11,18.18%,7.45
https://www.prepagaya.com.ar/blog/fallo-corte-suprema-plan-corporativo-2026,2,6,33.33%,2.33
https://www.prepagaya.com.ar/prepagas/cordoba/cordoba-capital/prevencion-salud,1,385,0.26%,6.79
https://www.prepagaya.com.ar/prepagas/cordoba/cordoba-capital/sancor-salud,1,366,0.27%,7.72
https://www.prepagaya.com.ar/prepagas/santa-fe/rosario/avalian,1,300,0.33%,7.52
https://www.prepagaya.com.ar/prepagas/medife,1,254,0.39%,8.65
https://www.prepagaya.com.ar/prepagas/santa-fe/rosario/swiss-medical,1,251,0.4%,6.56
https://www.prepagaya.com.ar/prepagas/swiss-medical/s1,1,239,0.42%,7.84
https://www.prepagaya.com.ar/guias/deducir-prepaga-ganancias,1,212,0.47%,7.15
https://www.prepagaya.com.ar/cartillas/hospital-italiano,1,203,0.49%,10.2
https://www.prepagaya.com.ar/prepagas/caba/sancor-salud,1,197,0.51%,9.44
https://www.prepagaya.com.ar/condiciones/preexistencias,1,141,0.71%,7.89
https://www.prepagaya.com.ar/prepagas/mendoza/mendoza-capital/osde,1,139,0.72%,8.91
https://www.prepagaya.com.ar/prepagas/tucuman/san-miguel-de-tucuman/prevencion-salud,1,137,0.73%,6.23
https://www.prepagaya.com.ar/cartillas/luis-pasteur,1,132,0.76%,9.82
https://www.prepagaya.com.ar/prepagas/buenos-aires/mar-del-plata/prevencion-salud,1,131,0.76%,8.94
https://www.prepagaya.com.ar/prepagas/buenos-aires/osde,1,110,0.91%,12.29
https://www.prepagaya.com.ar/prepagas/buenos-aires/mar-del-plata,1,103,0.97%,6.76
https://www.prepagaya.com.ar/prepagas/tucuman/yerba-buena/swiss-medical,1,102,0.98%,5.95
https://www.prepagaya.com.ar/prepagas/buenos-aires/mar-del-plata/sancor-salud,1,98,1.02%,9.3
https://www.prepagaya.com.ar/prepagas/chaco/resistencia/prevencion-salud,1,97,1.03%,6.42
https://www.prepagaya.com.ar/prepagas/caba,1,95,1.05%,7.32
https://www.prepagaya.com.ar/guias/como-afiliarse-prepaga-requisitos,1,91,1.1%,4.99
https://www.prepagaya.com.ar/prepagas/entre-rios/parana/osde,1,89,1.12%,7.33
https://www.prepagaya.com.ar/prepagas/prevencion-salud,1,86,1.16%,10.92
https://www.prepagaya.com.ar/guias/como-cambiar-de-prepaga,1,84,1.19%,5.35
https://www.prepagaya.com.ar/prepagas/santa-fe/santa-fe-capital/avalian,1,83,1.2%,9.64
https://www.prepagaya.com.ar/guias/precios-prepagas-actualizados,1,83,1.2%,10.08
https://www.prepagaya.com.ar/guias/derivar-obra-social-a-prepaga,1,81,1.23%,7.16
https://www.prepagaya.com.ar/prepagas/neuquen/neuquen-capital/swiss-medical,1,80,1.25%,8.21
https://www.prepagaya.com.ar/prepagas/swiss-medical/smg30,1,80,1.25%,8.44
https://www.prepagaya.com.ar/prepagas/cordoba/cordoba-capital/medife,1,73,1.37%,7.1
https://www.prepagaya.com.ar/prepagas/cordoba/cordoba-capital/galeno,1,71,1.41%,8.79
https://www.prepagaya.com.ar/prepagas/buenos-aires/lomas-de-zamora/hominis,1,62,1.61%,11.66
https://www.prepagaya.com.ar/prepagas/santa-fe/osde,1,61,1.64%,8.08
https://www.prepagaya.com.ar/prepagas/buenos-aires/mar-del-plata/medicus,1,57,1.75%,9.65
https://www.prepagaya.com.ar/cambios/sancor-salud-a-swiss-medical,1,56,1.79%,7.2
https://www.prepagaya.com.ar/prepagas/entre-rios/parana/prevencion-salud,1,55,1.82%,7.18
https://www.prepagaya.com.ar/prepagas/caba/flores/swiss-medical,1,54,1.85%,10
https://www.prepagaya.com.ar/comparativas/sancor-salud-vs-medife,1,52,1.92%,7.69
https://www.prepagaya.com.ar/comparativas/sancor-salud-vs-premedic-para-monotributistas,1,51,1.96%,4.96
https://www.prepagaya.com.ar/prepagas/buenos-aires/zona-sur/medicus,1,51,1.96%,10.96
https://www.prepagaya.com.ar/prepagas/misiones/posadas,1,46,2.17%,7.02
https://www.prepagaya.com.ar/prepagas/neuquen/neuquen-capital/avalian,1,44,2.27%,8.23
https://www.prepagaya.com.ar/prepagas/buenos-aires/san-miguel/medicus,1,43,2.33%,8.95
https://www.prepagaya.com.ar/blog/mejor-prepaga-maternidad-embarazo-2026,1,42,2.38%,6.24
https://www.prepagaya.com.ar/prepagas/tucuman/san-miguel-de-tucuman/swiss-medical,1,42,2.38%,6.57
https://www.prepagaya.com.ar/comparativas/osde-vs-swiss-medical-para-jubilados,1,41,2.44%,5.98
https://www.prepagaya.com.ar/prepagas/caba/recoleta-barrio-norte/cemic,1,40,2.5%,8.85
https://www.prepagaya.com.ar/blog/swiss-medical-para-jovenes,1,39,2.56%,7.46
https://www.prepagaya.com.ar/prepagas/salta/osde,1,39,2.56%,7.49
https://www.prepagaya.com.ar/blog/mejor-prepaga-odontologia-dental-2026,1,38,2.63%,5.21
https://www.prepagaya.com.ar/prepagas/luis-pasteur/p,1,38,2.63%,5.53
https://www.prepagaya.com.ar/prepagas/tucuman/yerba-buena/prevencion-salud,1,37,2.7%,6.49
https://www.prepagaya.com.ar/comparativas/premedic-vs-medife,1,32,3.12%,4.72
https://www.prepagaya.com.ar/blog/periodos-de-carencia-prepaga,1,31,3.23%,6.1
https://www.prepagaya.com.ar/blog/cemic-para-quien-conviene,1,29,3.45%,7.03
https://www.prepagaya.com.ar/prepagas/tucuman/san-miguel-de-tucuman/sancor-salud,1,28,3.57%,7.57
https://www.prepagaya.com.ar/prepagas/buenos-aires/pilar/galeno,1,27,3.7%,10.3
https://www.prepagaya.com.ar/cambios/avalian-a-premedic,1,26,3.85%,3.92
https://www.prepagaya.com.ar/prepagas/caba/villa-devoto/osde,1,26,3.85%,9.23
https://www.prepagaya.com.ar/prepagas/cemic/plan-individual,1,25,4%,8.04
https://www.prepagaya.com.ar/comparativas/premedic-vs-sancor-salud,1,23,4.35%,4.7
https://www.prepagaya.com.ar/prepagas/buenos-aires/pilar/premedic,1,23,4.35%,9.87
https://www.prepagaya.com.ar/blog/prepagas-para-empresas-beneficios-empleados,1,22,4.55%,5.59
https://www.prepagaya.com.ar/prepagas/buenos-aires/zona-norte,1,22,4.55%,7.59
https://www.prepagaya.com.ar/prepagas/buenos-aires/la-plata/premedic,1,22,4.55%,12.77
https://www.prepagaya.com.ar/prepagas/salta/salta-capital/swiss-medical,1,20,5%,7.5
https://www.prepagaya.com.ar/prepagas/mendoza/godoy-cruz/avalian,1,20,5%,7.65
https://www.prepagaya.com.ar/prepagas/buenos-aires/moron/osde,1,20,5%,8.75
https://www.prepagaya.com.ar/cambios/prevencion-salud-a-swiss-medical,1,19,5.26%,5.32
https://www.prepagaya.com.ar/prepagas/entre-rios/prevencion-salud,1,19,5.26%,6.11
https://www.prepagaya.com.ar/prepagas/buenos-aires/zona-sur/premedic,1,17,5.88%,9
https://www.prepagaya.com.ar/pmo,1,17,5.88%,9.53
https://www.prepagaya.com.ar/prepagas/mendoza/san-rafael/galeno,1,16,6.25%,7.81
https://www.prepagaya.com.ar/prepagas/medicus/azul,1,16,6.25%,8.31
https://www.prepagaya.com.ar/guias/edad-maxima-afiliarse-prepaga,1,15,6.67%,2.4
https://www.prepagaya.com.ar/prepagas/swiss-medical/smg60,1,15,6.67%,6.13
https://www.prepagaya.com.ar/prepagas/cemic/plan-familiar,1,15,6.67%,7.4
https://www.prepagaya.com.ar/prepagas/cordoba/cordoba-capital/federada-salud,1,15,6.67%,7.67
https://www.prepagaya.com.ar/prepagas/buenos-aires/lomas-de-zamora/avalian,1,14,7.14%,6.86
https://www.prepagaya.com.ar/guias/prepagas-precios-actualizados,1,13,7.69%,3.15
https://www.prepagaya.com.ar/guias/afiliar-recien-nacido-prepaga,1,10,10%,2.3
https://www.prepagaya.com.ar/prepagas/buenos-aires/zona-norte/medife,1,10,10%,6.4
https://www.prepagaya.com.ar/prepagas/cordoba/osde,1,10,10%,8.3
https://www.prepagaya.com.ar/prepagas/cordoba/villa-carlos-paz/galeno,1,9,11.11%,5.44
https://www.prepagaya.com.ar/prepagas/chaco/resistencia/galeno,1,9,11.11%,7.11
https://www.prepagaya.com.ar/prepagas/neuquen/san-martin-de-los-andes,1,8,12.5%,4.88
https://www.prepagaya.com.ar/guias/como-contratar-prepaga-online,1,7,14.29%,4.14
https://www.prepagaya.com.ar/prepagas/buenos-aires/berazategui/cemic,1,7,14.29%,4.29
https://www.prepagaya.com.ar/empresas/osde,1,7,14.29%,5.43
https://www.prepagaya.com.ar/prepagas/buenos-aires/banfield/osde,1,7,14.29%,6
https://www.prepagaya.com.ar/prepagas/buenos-aires/temperley/avalian,1,7,14.29%,8.43
https://www.prepagaya.com.ar/comparativas/federada-salud-vs-sancor-salud,1,6,16.67%,4
https://www.prepagaya.com.ar/comparativas/sancor-salud-vs-cemic,1,6,16.67%,6.33
https://www.prepagaya.com.ar/prepagas/buenos-aires/zona-norte/hospital-italiano,1,6,16.67%,7.33
https://www.prepagaya.com.ar/prepagas/caba/flores/medife,1,6,16.67%,7.33
https://www.prepagaya.com.ar/prepagas/buenos-aires/escobar/prevencion-salud,1,6,16.67%,8.17
https://www.prepagaya.com.ar/prepagas/caba/flores/omint,1,6,16.67%,9.33
https://www.prepagaya.com.ar/blog/como-bajar-costo-prepaga,1,5,20%,6.2
https://www.prepagaya.com.ar/prepagas/caba/flores/hominis,1,4,25%,7.5
https://www.prepagaya.com.ar/quiz,1,3,33.33%,4.33
https://www.prepagaya.com.ar/prepagas/buenos-aires/la-plata/hominis,1,3,33.33%,5.67
https://www.prepagaya.com.ar/prepagas/buenos-aires/escobar/cemic,1,3,33.33%,39.33
https://www.prepagaya.com.ar/prepagas-en/buenos-aires,1,2,50%,4.5
https://www.prepagaya.com.ar/prepagas/buenos-aires/isidro-casanova/cemic,1,2,50%,5
https://www.prepagaya.com.ar/guias/prepagas-monotributistas,1,1,100%,1
https://www.prepagaya.com.ar/prepagas/entre-rios,1,1,100%,1
https://www.prepagaya.com.ar/blog/prepagas-vs-obra-social-diferencias,1,1,100%,2
https://www.prepagaya.com.ar/prepagas/entre-rios/gualeguaychu,1,1,100%,2
https://www.prepagaya.com.ar/empresas/como-cotizar,1,1,100%,4
https://www.prepagaya.com.ar/prepagas/swiss-medical/smg20,0,731,0%,7.27
https://www.prepagaya.com.ar/prepagas/sancor-salud/plan-1500,0,300,0%,8.18
https://www.prepagaya.com.ar/prepagas/santa-fe/rosario/osde,0,260,0%,8.15
https://www.prepagaya.com.ar/prepagas/mendoza/mendoza-capital/prevencion-salud,0,257,0%,7.14
https://www.prepagaya.com.ar/prepagas/santa-fe/santa-fe-capital/prevencion-salud,0,240,0%,6.56
https://www.prepagaya.com.ar/obras-sociales/osdepym,0,236,0%,7.89
https://www.prepagaya.com.ar/prepagas/entre-rios/concordia/avalian,0,178,0%,8.24
https://www.prepagaya.com.ar/prepagas/salta/salta-capital/osde,0,176,0%,9.34
https://www.prepagaya.com.ar/prepagas/buenos-aires/mar-del-plata/swiss-medical,0,157,0%,8.55
https://www.prepagaya.com.ar/prepagas/mendoza/mendoza-capital/swiss-medical,0,151,0%,8.78
https://www.prepagaya.com.ar/blog/mejor-prepaga-precio-calidad-argentina-2026,0,142,0%,6.34
https://www.prepagaya.com.ar/prepagas/galeno,0,130,0%,9.7
https://www.prepagaya.com.ar/prepagas/caba/belgrano/cemic,0,126,0%,9.94
https://www.prepagaya.com.ar/prepagas/osde/410,0,124,0%,10.22
https://www.prepagaya.com.ar/prepagas/buenos-aires,0,119,0%,6.32
https://www.prepagaya.com.ar/prepagas/salta/salta-capital/prevencion-salud,0,118,0%,7.14
https://www.prepagaya.com.ar/prepagas/mendoza,0,118,0%,8.86
https://www.prepagaya.com.ar/prepagas/santa-fe/swiss-medical,0,116,0%,8.08
https://www.prepagaya.com.ar/prepagas/tucuman/san-miguel-de-tucuman/galeno,0,114,0%,6.4
https://www.prepagaya.com.ar/prepagas/sancor-salud/plan-1000,0,110,0%,8.64
https://www.prepagaya.com.ar/prepagas/buenos-aires/bahia-blanca/prevencion-salud,0,109,0%,5.79
https://www.prepagaya.com.ar/prepagas/misiones/sancor-salud,0,107,0%,9.01
https://www.prepagaya.com.ar/prepagas/caba/medife,0,107,0%,9.03
https://www.prepagaya.com.ar/prepagas/buenos-aires/moron/sancor-salud,0,107,0%,12.21
https://www.prepagaya.com.ar/prepagas/entre-rios/parana/avalian,0,106,0%,8.77
https://www.prepagaya.com.ar/comparativas/osde-vs-sancor-salud-para-jovenes,0,105,0%,7.62
https://www.prepagaya.com.ar/prepagas/santa-fe/rosario/sancor-salud,0,104,0%,6.6
https://www.prepagaya.com.ar/prepagas/buenos-aires/mar-del-plata/omint,0,99,0%,6.41
https://www.prepagaya.com.ar/prepagas/buenos-aires/bahia-blanca/sancor-salud,0,99,0%,9.99
https://www.prepagaya.com.ar/prepagas/buenos-aires/la-plata/osde,0,98,0%,9.29
https://www.prepagaya.com.ar/blog/copago-coseguro-prepaga-diferencia,0,95,0%,8.69
https://www.prepagaya.com.ar/prepagas/buenos-aires/bahia-blanca/swiss-medical,0,93,0%,10.3
https://www.prepagaya.com.ar/prepagas/buenos-aires/mar-del-plata/osde,0,91,0%,9.24
https://www.prepagaya.com.ar/prepagas/neuquen/neuquen-capital/prevencion-salud,0,90,0%,8.72
https://www.prepagaya.com.ar/prepagas/tucuman/san-miguel-de-tucuman/osde,0,87,0%,7.15
https://www.prepagaya.com.ar/prepagas/caba/belgrano/hospital-italiano,0,87,0%,9.21
https://www.prepagaya.com.ar/prepagas/entre-rios/parana/sancor-salud,0,86,0%,9.7
https://www.prepagaya.com.ar/prepagas/cordoba/rio-cuarto/prevencion-salud,0,84,0%,6.43
https://www.prepagaya.com.ar/blog/que-pasa-si-dejo-de-pagar-la-prepaga,0,83,0%,10.08
https://www.prepagaya.com.ar/prepagas/corrientes/corrientes-capital/prevencion-salud,0,81,0%,7.96
https://www.prepagaya.com.ar/coberturas/maternidad,0,80,0%,6.74
https://www.prepagaya.com.ar/prepagas/buenos-aires/bahia-blanca/medicus,0,80,0%,7.55
https://www.prepagaya.com.ar/prepagas/luis-pasteur/s,0,79,0%,6.14
https://www.prepagaya.com.ar/prepagas/misiones/posadas/osde,0,78,0%,10.19
https://www.prepagaya.com.ar/prepagas/tucuman/avalian,0,77,0%,5.43
https://www.prepagaya.com.ar/prepagas/tucuman/yerba-buena/osde,0,76,0%,8.28
https://www.prepagaya.com.ar/prepagas/corrientes/corrientes-capital/osde,0,72,0%,8.19
https://www.prepagaya.com.ar/comparativas/swiss-medical-vs-cemic,0,71,0%,6.13
https://www.prepagaya.com.ar/prepagas/buenos-aires/san-miguel/avalian,0,71,0%,8.72
https://www.prepagaya.com.ar/prepagas/buenos-aires/bahia-blanca/osde,0,71,0%,11.42
https://www.prepagaya.com.ar/obras-sociales/iapos,0,69,0%,8.78
https://www.prepagaya.com.ar/prepagas/buenos-aires/ituzaingo-merlo,0,68,0%,8.82
https://www.prepagaya.com.ar/prepagas/buenos-aires/lomas-de-zamora/osde,0,67,0%,9.36
https://www.prepagaya.com.ar/prepagas/santa-fe/medife,0,65,0%,8.63
https://www.prepagaya.com.ar/prepagas/caba/belgrano/avalian,0,64,0%,8.95
https://www.prepagaya.com.ar/prepagas/caba/caballito/hospital-italiano,0,63,0%,7.75
https://www.prepagaya.com.ar/prepagas/buenos-aires/moron/hominis,0,63,0%,10.44
https://www.prepagaya.com.ar/prepagas/swiss-medical/sport,0,59,0%,7.73
https://www.prepagaya.com.ar/para/jovenes,0,59,0%,8.15
https://www.prepagaya.com.ar/prepagas/misiones/posadas/prevencion-salud,0,58,0%,6.34
https://www.prepagaya.com.ar/prepagas/caba/palermo/cemic,0,58,0%,8.76
https://www.prepagaya.com.ar/prepagas/buenos-aires/san-miguel/sancor-salud,0,58,0%,9.02
https://www.prepagaya.com.ar/prepagas/swiss-medical/smg02,0,57,0%,7.58
https://www.prepagaya.com.ar/obras-sociales/accord-salud,0,57,0%,9.25
https://www.prepagaya.com.ar/prepagas/sancor-salud/plan-4500,0,56,0%,6.23
https://www.prepagaya.com.ar/prepagas/santa-fe/rosario/federada-salud,0,56,0%,8.95
https://www.prepagaya.com.ar/prepagas/chaco/resistencia/osde,0,56,0%,10.21
https://www.prepagaya.com.ar/prepagas/buenos-aires/bahia-blanca/avalian,0,55,0%,8.02
https://www.prepagaya.com.ar/prepagas/santa-fe/santa-fe-capital/osde,0,54,0%,8.43
https://www.prepagaya.com.ar/prepagas/buenos-aires/la-plata/swiss-medical,0,54,0%,8.78
https://www.prepagaya.com.ar/prepagas/buenos-aires/medicus,0,54,0%,10.94
https://www.prepagaya.com.ar/prepagas/cemic/plan-basico,0,53,0%,5.43
https://www.prepagaya.com.ar/prepagas/corrientes,0,53,0%,5.96
https://www.prepagaya.com.ar/prepagas/luis-pasteur/novo,0,50,0%,6.66
https://www.prepagaya.com.ar/prepagas/galeno/oro-440,0,50,0%,7.2
https://www.prepagaya.com.ar/comparativas/osde-vs-sancor-salud,0,50,0%,7.3
https://www.prepagaya.com.ar/prepagas/caba/belgrano/osde,0,50,0%,7.48
https://www.prepagaya.com.ar/prepagas/buenos-aires/ramos-mejia-san-justo/swiss-medical,0,50,0%,8.34
https://www.prepagaya.com.ar/prepagas/cordoba/rio-cuarto/avalian,0,50,0%,9.22
https://www.prepagaya.com.ar/comparativas/osde-vs-medife,0,49,0%,6.08
https://www.prepagaya.com.ar/blog/cual-es-la-prepaga-mas-grande-argentina,0,49,0%,6.49
https://www.prepagaya.com.ar/prepagas/caba/palermo/swiss-medical,0,49,0%,8.51
https://www.prepagaya.com.ar/blog/mejor-prepaga-salud-mental-psicologia-2026,0,48,0%,6.19
https://www.prepagaya.com.ar/prepagas/caba/palermo/hospital-italiano,0,48,0%,7.08
https://www.prepagaya.com.ar/prepagas/federada-salud/gold-100,0,47,0%,7.74
https://www.prepagaya.com.ar/prepagas/buenos-aires/ramos-mejia-san-justo/osde,0,47,0%,8.3
https://www.prepagaya.com.ar/cartillas/prevencion-salud,0,47,0%,8.87
https://www.prepagaya.com.ar/prepagas/luis-pasteur/n,0,46,0%,6.39
https://www.prepagaya.com.ar/prepagas/mendoza/mendoza-capital/galeno,0,46,0%,6.59
https://www.prepagaya.com.ar/prepagas/buenos-aires/lomas-de-zamora/medife,0,46,0%,8.22
https://www.prepagaya.com.ar/prepagas/entre-rios/concordia/sancor-salud,0,46,0%,8.35
https://www.prepagaya.com.ar/prepagas/entre-rios/parana/swiss-medical,0,46,0%,8.78
https://www.prepagaya.com.ar/cartillas/federada-salud,0,46,0%,8.8
https://www.prepagaya.com.ar/coberturas,0,44,0%,6.43
https://www.prepagaya.com.ar/prepagas/salta/sancor-salud,0,44,0%,7.3
https://www.prepagaya.com.ar/prepagas/cordoba/villa-maria/prevencion-salud,0,44,0%,7.8
https://www.prepagaya.com.ar/prepagas/buenos-aires/quilmes/swiss-medical,0,44,0%,8.84
https://www.prepagaya.com.ar/prepagas/buenos-aires/quilmes/medife,0,44,0%,10.32
https://www.prepagaya.com.ar/prepagas/caba/caballito/sancor-salud,0,43,0%,10.91
https://www.prepagaya.com.ar/prepagas/buenos-aires/zona-oeste/swiss-medical,0,42,0%,7.86
https://www.prepagaya.com.ar/prepagas/omint/smart,0,42,0%,8.19
https://www.prepagaya.com.ar/prepagas/mendoza/mendoza-capital/medicus,0,42,0%,8.48
https://www.prepagaya.com.ar/prepagas/buenos-aires/vicente-lopez/premedic,0,42,0%,8.81
https://www.prepagaya.com.ar/prepagas/cordoba/cordoba-capital/avalian,0,42,0%,8.98
https://www.prepagaya.com.ar/prepagas/cordoba/villa-maria/sancor-salud,0,42,0%,9.71
https://www.prepagaya.com.ar/prepagas/swiss-medical/sport-s,0,41,0%,6.22
https://www.prepagaya.com.ar/prepagas/galeno/plata-300,0,41,0%,8.24
https://www.prepagaya.com.ar/prepagas/buenos-aires/lomas-de-zamora/sancor-salud,0,41,0%,8.29
https://www.prepagaya.com.ar/prepagas/cordoba/villa-maria/avalian,0,41,0%,8.61
https://www.prepagaya.com.ar/prepagas/buenos-aires/quilmes/medicus,0,41,0%,10.56
https://www.prepagaya.com.ar/prepagas/buenos-aires/vicente-lopez/osde,0,41,0%,11.05
https://www.prepagaya.com.ar/blog/prepaga-cubre-anteojos-optica,0,40,0%,5.38
https://www.prepagaya.com.ar/prepagas/buenos-aires/san-miguel/osde,0,40,0%,6.83
https://www.prepagaya.com.ar/prepagas/cordoba/rio-cuarto/osde,0,40,0%,7.7
https://www.prepagaya.com.ar/prepagas/federada-salud,0,40,0%,9.4
https://www.prepagaya.com.ar/prepagas/buenos-aires/avellaneda-lanus/sancor-salud,0,40,0%,9.6
https://www.prepagaya.com.ar/prepagas/buenos-aires/san-miguel/galeno,0,39,0%,7.1
https://www.prepagaya.com.ar/prepagas/santa-fe/santa-fe-capital/sancor-salud,0,39,0%,7.51
https://www.prepagaya.com.ar/prepagas/caba/belgrano/sancor-salud,0,39,0%,7.62
https://www.prepagaya.com.ar/prepagas/santa-fe/rafaela/sancor-salud,0,39,0%,7.85
https://www.prepagaya.com.ar/prepagas/buenos-aires/tigre-san-fernando/premedic,0,38,0%,8.87
https://www.prepagaya.com.ar/guias/como-reclamar-a-una-prepaga,0,38,0%,8.92
https://www.prepagaya.com.ar/prepagas/buenos-aires/pilar/osde,0,38,0%,9.21
https://www.prepagaya.com.ar/prepagas/tucuman/swiss-medical,0,37,0%,7.32
https://www.prepagaya.com.ar/prepagas/cordoba/swiss-medical,0,37,0%,8.22
https://www.prepagaya.com.ar/prepagas/buenos-aires/quilmes/sancor-salud,0,37,0%,8.62
https://www.prepagaya.com.ar/prepagas/cordoba/prevencion-salud,0,37,0%,9.05
https://www.prepagaya.com.ar/prepagas/caba/caballito/avalian,0,37,0%,9.11
https://www.prepagaya.com.ar/prepagas/mendoza/san-rafael/prevencion-salud,0,36,0%,7.5
https://www.prepagaya.com.ar/prepagas/caba/caballito/osde,0,36,0%,9.11
https://www.prepagaya.com.ar/blog/prepagas-red-abierta-vs-cerrada,0,36,0%,9.31
https://www.prepagaya.com.ar/guias/reintegros-en-prepagas,0,35,0%,6.49
https://www.prepagaya.com.ar/prepagas/buenos-aires/zona-oeste/avalian,0,35,0%,9.71
https://www.prepagaya.com.ar/prepagas/buenos-aires/mar-del-plata/avalian,0,34,0%,6.47
https://www.prepagaya.com.ar/guias/copago-en-prepagas-que-es,0,34,0%,8.47
https://www.prepagaya.com.ar/guias/sin-trabajo-obra-social,0,34,0%,9.74
https://www.prepagaya.com.ar/prepagas/buenos-aires/zona-norte/cemic,0,34,0%,9.82
https://www.prepagaya.com.ar/prepagas/santa-fe/rosario/galeno,0,33,0%,6.67
https://www.prepagaya.com.ar/prepagas/buenos-aires/galeno,0,33,0%,9.27
https://www.prepagaya.com.ar/prepagas/mendoza/osde,0,32,0%,5.78
https://www.prepagaya.com.ar/prepagas/buenos-aires/moron/galeno,0,32,0%,7.38
https://www.prepagaya.com.ar/prepagas/buenos-aires/prevencion-salud,0,32,0%,8.28
https://www.prepagaya.com.ar/prepagas/buenos-aires/mar-del-plata/galeno,0,32,0%,9.72
https://www.prepagaya.com.ar/prepagas/buenos-aires/la-plata/medicus,0,32,0%,10.81
https://www.prepagaya.com.ar/prepagas-en/bariloche,0,31,0%,5.68
https://www.prepagaya.com.ar/prepagas/neuquen/san-martin-de-los-andes/osde,0,31,0%,7.16
https://www.prepagaya.com.ar/prepagas/cordoba/rio-cuarto/swiss-medical,0,31,0%,8.29
https://www.prepagaya.com.ar/prepagas/buenos-aires/pilar/prevencion-salud,0,31,0%,8.35
https://www.prepagaya.com.ar/prepagas/buenos-aires/ramos-mejia-san-justo/sancor-salud,0,31,0%,8.39
https://www.prepagaya.com.ar/prepagas/chaco/resistencia/sancor-salud,0,31,0%,9
https://www.prepagaya.com.ar/prepagas/buenos-aires/ramos-mejia-san-justo/avalian,0,31,0%,9.71
https://www.prepagaya.com.ar/prepagas/medicus/integra-x,0,30,0%,6.5
https://www.prepagaya.com.ar/prepagas/tucuman/yerba-buena/sancor-salud,0,30,0%,8.97
https://www.prepagaya.com.ar/prepagas/neuquen/swiss-medical,0,30,0%,9.6
https://www.prepagaya.com.ar/prepagas/osde/210,0,30,0%,11.63
https://www.prepagaya.com.ar/prepagas/santa-fe/rafaela/prevencion-salud,0,29,0%,8.17
https://www.prepagaya.com.ar/coberturas/optica,0,29,0%,8.24
https://www.prepagaya.com.ar/prepagas/entre-rios/concordia/osde,0,29,0%,8.97
https://www.prepagaya.com.ar/prepagas/mendoza/mendoza-capital/sancor-salud,0,29,0%,9
https://www.prepagaya.com.ar/cartillas/omint,0,29,0%,10.83
https://www.prepagaya.com.ar/prepagas/buenos-aires/bahia-blanca/galeno,0,28,0%,6.96
https://www.prepagaya.com.ar/prepagas/buenos-aires/adrogue/medife,0,28,0%,7.32
https://www.prepagaya.com.ar/prepagas/buenos-aires/monte-grande/osde,0,28,0%,7.96
https://www.prepagaya.com.ar/prepagas/santa-fe/venado-tuerto/avalian,0,28,0%,8.61
https://www.prepagaya.com.ar/prepagas/caba/caballito/medife,0,28,0%,9.96
https://www.prepagaya.com.ar/prepagas/buenos-aires/zona-norte/medicus,0,28,0%,11.21
https://www.prepagaya.com.ar/prepagas/entre-rios/concordia/prevencion-salud,0,27,0%,6.74
https://www.prepagaya.com.ar/prepagas/mendoza/galeno,0,27,0%,7.93
https://www.prepagaya.com.ar/prepagas/salta/swiss-medical,0,27,0%,8.19
https://www.prepagaya.com.ar/prepagas/cordoba/sancor-salud,0,27,0%,8.26
https://www.prepagaya.com.ar/prepagas/buenos-aires/escobar/osde,0,27,0%,9.52
https://www.prepagaya.com.ar/cambios/avalian-a-swiss-medical,0,26,0%,5.5
https://www.prepagaya.com.ar/prepagas/galeno/oro-400,0,26,0%,7.92
https://www.prepagaya.com.ar/blog/prepaga-cubre-remedios-cronicos,0,26,0%,8.65
https://www.prepagaya.com.ar/prepagas/buenos-aires/pilar/avalian,0,26,0%,9.08
https://www.prepagaya.com.ar/prepagas/buenos-aires/pilar/medife,0,26,0%,9.54
https://www.prepagaya.com.ar/prepagas/caba/belgrano/galeno,0,26,0%,11.65
https://www.prepagaya.com.ar/prepagas/santa-fe/venado-tuerto/sancor-salud,0,25,0%,6.88
https://www.prepagaya.com.ar/prepagas/swiss-medical/s2,0,25,0%,7.92
https://www.prepagaya.com.ar/prepagas/caba/palermo/avalian,0,25,0%,8.16
https://www.prepagaya.com.ar/prepagas/caba/palermo/osde,0,25,0%,9.92
https://www.prepagaya.com.ar/prepagas/medicus,0,25,0%,9.92
https://www.prepagaya.com.ar/prepagas/santa-fe/rosario,0,25,0%,10
https://www.prepagaya.com.ar/prepagas/buenos-aires/zona-oeste/osde,0,25,0%,16.24
https://www.prepagaya.com.ar/blog/cobertura-odontologia-prepaga,0,24,0%,6.38
https://www.prepagaya.com.ar/prepagas/buenos-aires/san-miguel/medife,0,24,0%,7.46
https://www.prepagaya.com.ar/blog/como-pedir-reintegro-prepaga,0,24,0%,8
https://www.prepagaya.com.ar/prepagas/buenos-aires/lomas-de-zamora/galeno,0,24,0%,8.21
https://www.prepagaya.com.ar/prepagas/caba/recoleta-barrio-norte/hospital-italiano,0,24,0%,9.58
https://www.prepagaya.com.ar/prepagas/omint,0,24,0%,9.75
https://www.prepagaya.com.ar/prepagas/buenos-aires/zona-oeste/medicus,0,24,0%,11.96
https://www.prepagaya.com.ar/cambios/sancor-salud-a-premedic,0,23,0%,3.65
https://www.prepagaya.com.ar/prepagas/salta/salta-capital/sancor-salud,0,23,0%,6.39
https://www.prepagaya.com.ar/prepagas/neuquen/cutral-co/osde,0,23,0%,7.17
https://www.prepagaya.com.ar/prepagas/buenos-aires/vicente-lopez/omint,0,23,0%,8.17
https://www.prepagaya.com.ar/prepagas/buenos-aires/san-isidro/swiss-medical,0,23,0%,8.26
https://www.prepagaya.com.ar/prepagas/buenos-aires/zona-oeste,0,23,0%,8.35
https://www.prepagaya.com.ar/obras-sociales/ospe,0,23,0%,8.65
https://www.prepagaya.com.ar/prepagas/mendoza/prevencion-salud,0,23,0%,9.35
https://www.prepagaya.com.ar/prepagas/buenos-aires/la-plata/prevencion-salud,0,23,0%,9.39
https://www.prepagaya.com.ar/blog/prepaga-que-cubre-psicologia,0,22,0%,3.95
https://www.prepagaya.com.ar/blog,0,22,0%,6.14
https://www.prepagaya.com.ar/prepagas/entre-rios/gualeguaychu/prevencion-salud,0,22,0%,6.27
https://www.prepagaya.com.ar/prepagas/chaco/galeno,0,22,0%,6.68
https://www.prepagaya.com.ar/prepagas/mendoza/san-rafael/sancor-salud,0,22,0%,7.59
https://www.prepagaya.com.ar/prepagas/neuquen/neuquen-capital/galeno,0,22,0%,7.82
https://www.prepagaya.com.ar/prepagas/buenos-aires/san-isidro/avalian,0,22,0%,7.91
https://www.prepagaya.com.ar/prepagas/buenos-aires/vicente-lopez/sancor-salud,0,22,0%,8.05
https://www.prepagaya.com.ar/prepagas/misiones/osde,0,22,0%,8.41
https://www.prepagaya.com.ar/blog/prepagas-mas-caras-lujosas-argentina,0,22,0%,8.59
https://www.prepagaya.com.ar/prepagas/buenos-aires/avellaneda-lanus/swiss-medical,0,22,0%,9.27
https://www.prepagaya.com.ar/guias/baja-de-prepaga-proceso,0,22,0%,9.45
https://www.prepagaya.com.ar/prepagas/buenos-aires/zona-sur/swiss-medical,0,22,0%,9.68
https://www.prepagaya.com.ar/prepagas/buenos-aires/monte-grande/hominis,0,22,0%,9.95
https://www.prepagaya.com.ar/prepagas/swiss-medical/sport-plus,0,22,0%,10.91
https://www.prepagaya.com.ar/prepagas/neuquen/san-martin-de-los-andes/sancor-salud,0,21,0%,4.48
https://www.prepagaya.com.ar/prepagas/buenos-aires/zona-norte/swiss-medical,0,21,0%,6.86
https://www.prepagaya.com.ar/prepagas/buenos-aires/la-plata,0,21,0%,7.95
https://www.prepagaya.com.ar/prepagas/caba/prevencion-salud,0,21,0%,8.9
https://www.prepagaya.com.ar/prepagas/buenos-aires/zona-norte/osde,0,21,0%,19.76
https://www.prepagaya.com.ar/prepagas/buenos-aires/la-plata/avalian,0,20,0%,6.8
https://www.prepagaya.com.ar/prepagas/entre-rios/parana/federada-salud,0,20,0%,8
https://www.prepagaya.com.ar/prepagas/neuquen/neuquen-capital/medife,0,20,0%,8.25
https://www.prepagaya.com.ar/prepagas/caba/palermo/sancor-salud,0,20,0%,8.4
https://www.prepagaya.com.ar/prepagas/caba/flores/cemic,0,20,0%,9
https://www.prepagaya.com.ar/prepagas/cordoba/villa-maria/osde,0,20,0%,9.4
https://www.prepagaya.com.ar/prepagas/buenos-aires/la-plata/sancor-salud,0,20,0%,9.8
https://www.prepagaya.com.ar/prepagas/buenos-aires/lomas-de-zamora/premedic,0,20,0%,14.5
https://www.prepagaya.com.ar/guias/como-pedir-autorizacion-prepaga,0,19,0%,3.74
https://www.prepagaya.com.ar/prepagas/buenos-aires/quilmes/avalian,0,19,0%,6.11
https://www.prepagaya.com.ar/prepagas/mendoza/godoy-cruz/sancor-salud,0,19,0%,6.21
https://www.prepagaya.com.ar/guias/mejor-prepaga-para-familias,0,19,0%,6.68
https://www.prepagaya.com.ar/prepagas/santa-fe/rosario/medife,0,19,0%,7.42
https://www.prepagaya.com.ar/prepagas/buenos-aires/zona-norte/premedic,0,19,0%,8.11
https://www.prepagaya.com.ar/prepagas/buenos-aires/moron/swiss-medical,0,19,0%,8.63
https://www.prepagaya.com.ar/prepagas/medicus/celeste,0,19,0%,8.79
https://www.prepagaya.com.ar/prepagas/buenos-aires/swiss-medical,0,19,0%,8.89
https://www.prepagaya.com.ar/prepagas/buenos-aires/tandil/sancor-salud,0,19,0%,9.32
https://www.prepagaya.com.ar/prepagas/caba/galeno,0,19,0%,9.42
https://www.prepagaya.com.ar/prepagas/buenos-aires/lomas-de-zamora/cemic,0,18,0%,5.78
https://www.prepagaya.com.ar/prepagas/entre-rios/osde,0,18,0%,6.44
https://www.prepagaya.com.ar/prepagas/caba/palermo/medicus,0,18,0%,6.61
https://www.prepagaya.com.ar/prepagas/buenos-aires/mar-del-plata/medife,0,18,0%,6.83
https://www.prepagaya.com.ar/prepagas/salta/oran/sancor-salud,0,18,0%,6.89
https://www.prepagaya.com.ar/guias/urgencias-guardia-prepaga,0,18,0%,7.89
https://www.prepagaya.com.ar/prepagas/tucuman/osde,0,18,0%,9.39
https://www.prepagaya.com.ar/prepagas/buenos-aires/san-isidro/sancor-salud,0,18,0%,10.94
https://www.prepagaya.com.ar/prepagas/buenos-aires/zona-sur/sancor-salud,0,18,0%,25.56
https://www.prepagaya.com.ar/prepagas/neuquen/neuquen-capital,0,17,0%,5
https://www.prepagaya.com.ar/prepagas/entre-rios/gualeguaychu/avalian,0,17,0%,6.06
https://www.prepagaya.com.ar/prepagas/buenos-aires/quilmes/omint,0,17,0%,6.24
https://www.prepagaya.com.ar/prepagas/caba/recoleta-barrio-norte/osde,0,17,0%,7.18
https://www.prepagaya.com.ar/prepagas/cordoba/rio-cuarto/sancor-salud,0,17,0%,7.59
https://www.prepagaya.com.ar/prepagas/misiones/posadas/sancor-salud,0,17,0%,7.76
https://www.prepagaya.com.ar/prepagas/buenos-aires/quilmes/galeno,0,17,0%,7.82
https://www.prepagaya.com.ar/blog/obra-social-monotributistas,0,17,0%,9.35
https://www.prepagaya.com.ar/prepagas/buenos-aires/zona-oeste/sancor-salud,0,17,0%,9.47
https://www.prepagaya.com.ar/prepagas/buenos-aires/pilar/swiss-medical,0,17,0%,9.53
https://www.prepagaya.com.ar/prepagas/caba/palermo/galeno,0,17,0%,15.59
https://www.prepagaya.com.ar/prepagas/caba/caballito/swiss-medical,0,16,0%,5.31
https://www.prepagaya.com.ar/prepagas/santa-fe/venado-tuerto/osde,0,16,0%,6.81
https://www.prepagaya.com.ar/prepagas/luis-pasteur/v,0,16,0%,6.88
https://www.prepagaya.com.ar/comparativas/swiss-medical-vs-cemic-alta-complejidad,0,16,0%,6.94
https://www.prepagaya.com.ar/prepagas/buenos-aires/zona-sur/avalian,0,16,0%,7
https://www.prepagaya.com.ar/prepagas/buenos-aires/berazategui/medicus,0,16,0%,7.38
https://www.prepagaya.com.ar/cambios,0,16,0%,7.56
https://www.prepagaya.com.ar/prepagas/salta/tartagal/osde,0,16,0%,8.38
https://www.prepagaya.com.ar/blog/prepaga-para-adultos-mayores,0,16,0%,8.44
https://www.prepagaya.com.ar/prepagas/buenos-aires/bahia-blanca/medife,0,16,0%,8.69
https://www.prepagaya.com.ar/prepagas/buenos-aires/lomas-de-zamora/swiss-medical,0,16,0%,9.25
https://www.prepagaya.com.ar/prepagas/caba/flores/osde,0,16,0%,10.56
https://www.prepagaya.com.ar/prepagas/caba/caballito/premedic,0,16,0%,11.12
https://www.prepagaya.com.ar/prepagas/buenos-aires/la-plata/medife,0,16,0%,16.69
https://www.prepagaya.com.ar/prepagas/buenos-aires/pilar/medicus,0,16,0%,19.69
https://www.prepagaya.com.ar/en/health-insurance-argentina,0,16,0%,27.69
https://www.prepagaya.com.ar/prepagas/cordoba/cordoba-capital/medicus,0,15,0%,5.47
https://www.prepagaya.com.ar/guias,0,15,0%,6.93
https://www.prepagaya.com.ar/prepagas/buenos-aires/bahia-blanca/omint,0,15,0%,7
https://www.prepagaya.com.ar/prepagas/buenos-aires/mar-del-plata/premedic,0,15,0%,7.33
https://www.prepagaya.com.ar/prepagas/entre-rios/gualeguaychu/osde,0,15,0%,7.8
https://www.prepagaya.com.ar/prepagas/santa-fe/sancor-salud,0,15,0%,8.2
https://www.prepagaya.com.ar/prepagas/buenos-aires/monte-grande/sancor-salud,0,15,0%,9
https://www.prepagaya.com.ar/prepagas/buenos-aires/quilmes/hominis,0,15,0%,9
https://www.prepagaya.com.ar/prepagas/buenos-aires/san-isidro/osde,0,15,0%,9.07
https://www.prepagaya.com.ar/prepagas/osde/flux,0,15,0%,9.6
https://www.prepagaya.com.ar/prepagas/buenos-aires/zona-sur/osde,0,15,0%,12.8
https://www.prepagaya.com.ar/prepagas/buenos-aires/zona-norte/hominis,0,15,0%,15.73
https://www.prepagaya.com.ar/prepagas/buenos-aires/avellaneda-lanus/galeno,0,14,0%,6.21
https://www.prepagaya.com.ar/prepagas/buenos-aires/la-plata/omint,0,14,0%,6.29
https://www.prepagaya.com.ar/prepagas/tucuman/san-miguel-de-tucuman/avalian,0,14,0%,6.29
https://www.prepagaya.com.ar/prepagas/cordoba/villa-carlos-paz,0,14,0%,6.71
https://www.prepagaya.com.ar/comparativas/medife-vs-swiss-medical,0,14,0%,6.79
https://www.prepagaya.com.ar/prepagas/mendoza/godoy-cruz/galeno,0,14,0%,7.71
https://www.prepagaya.com.ar/prepagas/caba/palermo/premedic,0,14,0%,7.86
https://www.prepagaya.com.ar/prepagas/mendoza/swiss-medical,0,14,0%,8
https://www.prepagaya.com.ar/prepagas/buenos-aires/san-isidro/medife,0,14,0%,8.21
https://www.prepagaya.com.ar/prepagas/cordoba/villa-maria/swiss-medical,0,14,0%,8.57
https://www.prepagaya.com.ar/prepagas/caba/caballito/galeno,0,14,0%,9.21
https://www.prepagaya.com.ar/prepagas/buenos-aires/hospital-italiano,0,14,0%,9.5
https://www.prepagaya.com.ar/prepagas/buenos-aires/escobar/swiss-medical,0,14,0%,9.57
https://www.prepagaya.com.ar/prepagas/buenos-aires/zona-sur/omint,0,14,0%,10
https://www.prepagaya.com.ar/prepagas/buenos-aires/zona-sur/hominis,0,14,0%,13.71
https://www.prepagaya.com.ar/comparativas/galeno-vs-swiss-medical,0,13,0%,5.38
https://www.prepagaya.com.ar/prepagas/buenos-aires/zona-norte/avalian,0,13,0%,5.69
https://www.prepagaya.com.ar/glosario,0,13,0%,5.92
https://www.prepagaya.com.ar/blog/prepagas-con-mejor-app,0,13,0%,6.08
https://www.prepagaya.com.ar/prepagas/santa-fe/rosario/medicus,0,13,0%,6.92
https://www.prepagaya.com.ar/prepagas/caba/recoleta-barrio-norte/swiss-medical,0,13,0%,7.08
https://www.prepagaya.com.ar/prepagas/entre-rios/concordia/swiss-medical,0,13,0%,8.46
https://www.prepagaya.com.ar/comparativas/swiss-medical-vs-osde,0,13,0%,9.23
https://www.prepagaya.com.ar/prepagas/buenos-aires/tandil/swiss-medical,0,13,0%,9.23
https://www.prepagaya.com.ar/prepagas/buenos-aires/monte-grande/swiss-medical,0,13,0%,9.62
https://www.prepagaya.com.ar/cartillas/medicus,0,13,0%,9.69
https://www.prepagaya.com.ar/prepagas/neuquen/neuquen-capital/medicus,0,13,0%,9.77
https://www.prepagaya.com.ar/blog/cambio-de-plan-misma-prepaga,0,12,0%,5.25
https://www.prepagaya.com.ar/prepagas/cordoba/villa-carlos-paz/avalian,0,12,0%,6
https://www.prepagaya.com.ar/prepagas/buenos-aires/moron/prevencion-salud,0,12,0%,7.42
https://www.prepagaya.com.ar/prepagas/salta/oran/osde,0,12,0%,7.67
https://www.prepagaya.com.ar/prepagas/buenos-aires/monte-grande/medicus,0,12,0%,8.33
https://www.prepagaya.com.ar/cartillas/hominis,0,12,0%,8.58
https://www.prepagaya.com.ar/prepagas/buenos-aires/zona-sur/medife,0,12,0%,8.92
https://www.prepagaya.com.ar/prepagas/sancor-salud/plan-3000,0,12,0%,9.17
https://www.prepagaya.com.ar/prepagas/santa-fe/rafaela/osde,0,12,0%,9.25
https://www.prepagaya.com.ar/prepagas/caba/hominis,0,12,0%,9.83
https://www.prepagaya.com.ar/prepagas/cordoba/medife,0,12,0%,10.42
https://www.prepagaya.com.ar/blog/pami-y-prepaga-al-mismo-tiempo,0,11,0%,5.82
https://www.prepagaya.com.ar/prepagas/buenos-aires/berazategui/medife,0,11,0%,6.36
https://www.prepagaya.com.ar/prepagas/buenos-aires/vicente-lopez/medicus,0,11,0%,7
https://www.prepagaya.com.ar/prepagas/buenos-aires/zona-oeste/omint,0,11,0%,7
https://www.prepagaya.com.ar/prepagas/buenos-aires/moron/hospital-italiano,0,11,0%,7.36
https://www.prepagaya.com.ar/prepagas/neuquen/cutral-co/avalian,0,11,0%,7.64
https://www.prepagaya.com.ar/prepagas/mendoza/san-rafael/swiss-medical,0,11,0%,8.27
https://www.prepagaya.com.ar/prepagas/caba/palermo/hominis,0,11,0%,8.45
https://www.prepagaya.com.ar/prepagas/buenos-aires/vicente-lopez/medife,0,11,0%,8.55
https://www.prepagaya.com.ar/obras-sociales/daspu,0,11,0%,8.64
https://www.prepagaya.com.ar/prepagas-en/rosario,0,11,0%,8.82
https://www.prepagaya.com.ar/prepagas/buenos-aires/zona-oeste/medife,0,11,0%,8.82
https://www.prepagaya.com.ar/prepagas/neuquen/medife,0,11,0%,8.82
https://www.prepagaya.com.ar/prepagas/buenos-aires/moron/avalian,0,11,0%,8.91
https://www.prepagaya.com.ar/prepagas/neuquen/osde,0,11,0%,9.36
https://www.prepagaya.com.ar/prepagas/cordoba/villa-carlos-paz/federada-salud,0,11,0%,9.73
https://www.prepagaya.com.ar/prepagas/caba/swiss-medical,0,11,0%,10.55
https://www.prepagaya.com.ar/prepagas/corrientes/osde,0,11,0%,13.45
https://www.prepagaya.com.ar/prepagas/buenos-aires/zona-sur/prevencion-salud,0,11,0%,15.55
https://www.prepagaya.com.ar/obras-sociales/osde,0,11,0%,15.73
https://www.prepagaya.com.ar/prepagas/buenos-aires/avellaneda-lanus/medicus,0,11,0%,35.45
https://www.prepagaya.com.ar/cambios/osde-a-premedic,0,10,0%,4.7
https://www.prepagaya.com.ar/prepagas/tucuman/concepcion/sancor-salud,0,10,0%,4.9
https://www.prepagaya.com.ar/guias/prepaga-cubre-vasectomia-ligadura-cirugia-bariatrica,0,10,0%,5.1
https://www.prepagaya.com.ar/comparativas/swiss-medical-vs-premedic,0,10,0%,5.4
https://www.prepagaya.com.ar/empresas/swiss-medical,0,10,0%,5.5
https://www.prepagaya.com.ar/prepagas/buenos-aires/zona-oeste/galeno,0,10,0%,6.8
https://www.prepagaya.com.ar/prepagas/caba/recoleta-barrio-norte/sancor-salud,0,10,0%,6.8
https://www.prepagaya.com.ar/prepagas/buenos-aires/vicente-lopez/swiss-medical,0,10,0%,7.4
https://www.prepagaya.com.ar/obras-sociales/osseg,0,10,0%,7.5
https://www.prepagaya.com.ar/prepagas/buenos-aires/escobar/sancor-salud,0,10,0%,7.5
https://www.prepagaya.com.ar/prepagas/cordoba/rio-cuarto/galeno,0,10,0%,7.7
https://www.prepagaya.com.ar/prepagas/buenos-aires/ramos-mejia-san-justo/hospital-italiano,0,10,0%,7.9
https://www.prepagaya.com.ar/prepagas/medife/bronce,0,10,0%,8.4
https://www.prepagaya.com.ar/prepagas/buenos-aires/temperley/swiss-medical,0,10,0%,8.5
https://www.prepagaya.com.ar/prepagas/mendoza/san-rafael/osde,0,10,0%,8.5
https://www.prepagaya.com.ar/blog/que-es-el-pmo,0,10,0%,8.8
https://www.prepagaya.com.ar/prepagas/buenos-aires/adrogue/osde,0,10,0%,9.1
https://www.prepagaya.com.ar/prepagas/caba/osde,0,10,0%,9.2
https://www.prepagaya.com.ar/prepagas/buenos-aires/lomas-de-zamora/omint,0,10,0%,9.3
https://www.prepagaya.com.ar/prepagas/buenos-aires/temperley/sancor-salud,0,10,0%,9.3
https://www.prepagaya.com.ar/prepagas/santa-fe/avalian,0,10,0%,9.5
https://www.prepagaya.com.ar/prepagas/neuquen/prevencion-salud,0,10,0%,9.6
https://www.prepagaya.com.ar/prepagas/buenos-aires/monte-grande/galeno,0,10,0%,9.8
https://www.prepagaya.com.ar/prepagas/buenos-aires/zona-oeste/hominis,0,10,0%,9.8
https://www.prepagaya.com.ar/prepagas/buenos-aires/ramos-mejia-san-justo/hominis,0,10,0%,9.9
https://www.prepagaya.com.ar/prepagas/santa-fe/prevencion-salud,0,10,0%,9.9
https://www.prepagaya.com.ar/prepagas/neuquen/medicus,0,10,0%,10.2
https://www.prepagaya.com.ar/prepagas/buenos-aires/ituzaingo-merlo/swiss-medical,0,10,0%,11.5
https://www.prepagaya.com.ar/prepagas/buenos-aires/zona-sur/galeno,0,10,0%,15.9
https://www.prepagaya.com.ar/prepagas/mendoza/san-rafael/medicus,0,10,0%,16.2
https://www.prepagaya.com.ar/prepagas/buenos-aires/la-plata/galeno,0,10,0%,39.1
https://www.prepagaya.com.ar/prepagas/entre-rios/parana,0,9,0%,4.33
https://www.prepagaya.com.ar/blog/telemedicina-prepaga-argentina,0,9,0%,5.78
https://www.prepagaya.com.ar/prepagas/tucuman/concepcion/osde,0,9,0%,5.78
https://www.prepagaya.com.ar/prepagas/caba/flores/galeno,0,9,0%,6.11
https://www.prepagaya.com.ar/condiciones/enfermedad-cardiovascular,0,9,0%,6.33
https://www.prepagaya.com.ar/prepagas/buenos-aires/tandil,0,9,0%,6.33
https://www.prepagaya.com.ar/prepagas/buenos-aires/berazategui/sancor-salud,0,9,0%,7.22
https://www.prepagaya.com.ar/prepagas/buenos-aires/monte-grande/omint,0,9,0%,7.67
https://www.prepagaya.com.ar/prepagas/buenos-aires/ramos-mejia-san-justo/premedic,0,9,0%,7.78
https://www.prepagaya.com.ar/prepagas/buenos-aires/ituzaingo-merlo/sancor-salud,0,9,0%,8
https://www.prepagaya.com.ar/prepagas/buenos-aires/moron/cemic,0,9,0%,8
https://www.prepagaya.com.ar/prepagas/buenos-aires/zona-norte/sancor-salud,0,9,0%,8.44
https://www.prepagaya.com.ar/prepagas/buenos-aires/san-miguel/premedic,0,9,0%,8.78
https://www.prepagaya.com.ar/prepagas/cordoba/rio-cuarto/medife,0,9,0%,8.78
https://www.prepagaya.com.ar/obras-sociales/galeno,0,9,0%,9
https://www.prepagaya.com.ar/guias/discapacidad-obra-social-cobertura-100,0,9,0%,9.11
https://www.prepagaya.com.ar/condiciones,0,9,0%,9.22
https://www.prepagaya.com.ar/prepagas/misiones/posadas/galeno,0,9,0%,9.44
https://www.prepagaya.com.ar/prepagas/mendoza/medicus,0,9,0%,9.89
https://www.prepagaya.com.ar/prepagas/neuquen/sancor-salud,0,9,0%,10.11
https://www.prepagaya.com.ar/prepagas/caba/caballito/cemic,0,9,0%,11.78
https://www.prepagaya.com.ar/cartillas/avalian,0,9,0%,11.89
https://www.prepagaya.com.ar/prepagas/buenos-aires/ituzaingo-merlo/osde,0,9,0%,13.11
https://www.prepagaya.com.ar/prepagas/caba/belgrano/medicus,0,9,0%,27.89
https://www.prepagaya.com.ar/prepagas/buenos-aires/san-isidro/galeno,0,9,0%,30.56
https://www.prepagaya.com.ar/prepagas/mendoza/san-rafael,0,8,0%,4.38
https://www.prepagaya.com.ar/prepagas/buenos-aires/tandil/avalian,0,8,0%,5.62
https://www.prepagaya.com.ar/prepagas/neuquen/san-martin-de-los-andes/avalian,0,8,0%,6
https://www.prepagaya.com.ar/prepagas/buenos-aires/ramos-mejia-san-justo/medicus,0,8,0%,6.12
https://www.prepagaya.com.ar/prepagas/swiss-medical/smg70,0,8,0%,6.5
https://www.prepagaya.com.ar/prepagas/caba/palermo/omint,0,8,0%,6.75
https://www.prepagaya.com.ar/prepagas/entre-rios/sancor-salud,0,8,0%,7.25
https://www.prepagaya.com.ar/prepagas/buenos-aires/tigre-san-fernando/osde,0,8,0%,7.38
https://www.prepagaya.com.ar/prepagas/buenos-aires/escobar/premedic,0,8,0%,7.5
https://www.prepagaya.com.ar/prepagas/entre-rios/gualeguaychu/swiss-medical,0,8,0%,7.5
https://www.prepagaya.com.ar/prepagas/buenos-aires/ituzaingo-merlo/premedic,0,8,0%,7.75
https://www.prepagaya.com.ar/coberturas/rehabilitacion,0,8,0%,8.12
https://www.prepagaya.com.ar/prepagas/medife/plata,0,8,0%,8.62
https://www.prepagaya.com.ar/prepagas/caba/recoleta-barrio-norte/medife,0,8,0%,9.12
https://www.prepagaya.com.ar/prepagas/cordoba/rio-cuarto,0,8,0%,9.12
https://www.prepagaya.com.ar/prepagas/tucuman/galeno,0,8,0%,9.12
https://www.prepagaya.com.ar/prepagas/buenos-aires/zona-sur,0,8,0%,9.75
https://www.prepagaya.com.ar/prepagas/caba/recoleta-barrio-norte/medicus,0,8,0%,10.12
https://www.prepagaya.com.ar/prepagas/caba/flores/hospital-italiano,0,8,0%,11.88
https://www.prepagaya.com.ar/prepagas/buenos-aires/hominis,0,8,0%,12.38
https://www.prepagaya.com.ar/prepagas/buenos-aires/zona-norte/prevencion-salud,0,8,0%,12.38
https://www.prepagaya.com.ar/prepagas/buenos-aires/san-isidro/cemic,0,8,0%,17.25
https://www.prepagaya.com.ar/prepagas/galeno/azul-220,0,8,0%,23
https://www.prepagaya.com.ar/empresas/swiss-medical/vs-osde,0,7,0%,5.57
https://www.prepagaya.com.ar/prepagas/buenos-aires/avellaneda-lanus/hospital-italiano,0,7,0%,5.57
https://www.prepagaya.com.ar/prepagas/buenos-aires/ituzaingo-merlo/prevencion-salud,0,7,0%,6
https://www.prepagaya.com.ar/prepagas/buenos-aires/temperley/galeno,0,7,0%,6.43
https://www.prepagaya.com.ar/prepagas/buenos-aires/avalian,0,7,0%,6.86
https://www.prepagaya.com.ar/coberturas/cirugia-estetica,0,7,0%,7
https://www.prepagaya.com.ar/prepagas/buenos-aires/san-miguel/omint,0,7,0%,7
https://www.prepagaya.com.ar/prepagas/buenos-aires/temperley/premedic,0,7,0%,7
https://www.prepagaya.com.ar/prepagas/neuquen/san-martin-de-los-andes/swiss-medical,0,7,0%,7.29
https://www.prepagaya.com.ar/prepagas/buenos-aires/banfield/sancor-salud,0,7,0%,7.43
https://www.prepagaya.com.ar/guias/seguro-medico-obligatorio-extranjeros,0,7,0%,7.57
https://www.prepagaya.com.ar/prepagas/buenos-aires/mar-del-plata/hospital-italiano,0,7,0%,7.57
https://www.prepagaya.com.ar/prepagas/buenos-aires/ramos-mejia-san-justo/cemic,0,7,0%,7.57
https://www.prepagaya.com.ar/prepagas/buenos-aires/quilmes/cemic,0,7,0%,7.71
https://www.prepagaya.com.ar/prepagas/buenos-aires/ituzaingo-merlo/medicus,0,7,0%,8
https://www.prepagaya.com.ar/prepagas/buenos-aires/moron/medife,0,7,0%,8
https://www.prepagaya.com.ar/prepagas/neuquen/san-martin-de-los-andes/galeno,0,7,0%,8
https://www.prepagaya.com.ar/prepagas/buenos-aires/ramos-mejia-san-justo/galeno,0,7,0%,8.14
https://www.prepagaya.com.ar/prepagas/buenos-aires/zona-oeste/prevencion-salud,0,7,0%,8.43
https://www.prepagaya.com.ar/prepagas/buenos-aires/berazategui/premedic,0,7,0%,8.71
https://www.prepagaya.com.ar/prepagas/buenos-aires/san-isidro/prevencion-salud,0,7,0%,8.71
https://www.prepagaya.com.ar/prepagas/caba/medicus,0,7,0%,8.71
https://www.prepagaya.com.ar/prepagas/buenos-aires/vicente-lopez/galeno,0,7,0%,9
https://www.prepagaya.com.ar/prepagas/caba/belgrano/swiss-medical,0,7,0%,9
https://www.prepagaya.com.ar/prepagas/cordoba/villa-maria/federada-salud,0,7,0%,9.14
https://www.prepagaya.com.ar/prepagas/hospital-italiano,0,7,0%,9.14
https://www.prepagaya.com.ar/prepagas/misiones/prevencion-salud,0,7,0%,9.29
https://www.prepagaya.com.ar/prepagas/caba/recoleta-barrio-norte/galeno,0,7,0%,9.43
https://www.prepagaya.com.ar/prepagas/buenos-aires/tigre-san-fernando/galeno,0,7,0%,9.57
https://www.prepagaya.com.ar/prepagas/buenos-aires/lomas-de-zamora/hospital-italiano,0,7,0%,9.86
https://www.prepagaya.com.ar/prepagas/caba/recoleta-barrio-norte/omint,0,7,0%,9.86
https://www.prepagaya.com.ar/prepagas/caba/caballito/hominis,0,7,0%,10
https://www.prepagaya.com.ar/prepagas/buenos-aires/san-miguel/hominis,0,7,0%,10.43
https://www.prepagaya.com.ar/prepagas/cordoba/villa-carlos-paz/prevencion-salud,0,7,0%,10.43
https://www.prepagaya.com.ar/prepagas/buenos-aires/tigre-san-fernando/swiss-medical,0,7,0%,10.57
https://www.prepagaya.com.ar/prepagas/buenos-aires/san-isidro/medicus,0,7,0%,10.86
https://www.prepagaya.com.ar/prepagas/buenos-aires/pilar/sancor-salud,0,7,0%,11.43
https://www.prepagaya.com.ar/prepagas/salta/tartagal,0,6,0%,3.33
https://www.prepagaya.com.ar/prepagas/buenos-aires/monte-grande/avalian,0,6,0%,5
https://www.prepagaya.com.ar/prepagas/caba/villa-devoto/galeno,0,6,0%,5.33
https://www.prepagaya.com.ar/prepagas/mendoza/avalian,0,6,0%,5.5
https://www.prepagaya.com.ar/prepagas/caba/recoleta-barrio-norte/prevencion-salud,0,6,0%,6
https://www.prepagaya.com.ar/prepagas/buenos-aires/zona-sur/cemic,0,6,0%,6.33
https://www.prepagaya.com.ar/prepagas/caba/flores/sancor-salud,0,6,0%,6.33
https://www.prepagaya.com.ar/prepagas/buenos-aires/bahia-blanca/cemic,0,6,0%,6.83
https://www.prepagaya.com.ar/prepagas/buenos-aires/tandil/galeno,0,6,0%,6.83
https://www.prepagaya.com.ar/prepagas/buenos-aires/ramos-mejia-san-justo/medife,0,6,0%,7
https://www.prepagaya.com.ar/blog/mejor-prepaga-jovenes-argentina-2026,0,6,0%,7.67
https://www.prepagaya.com.ar/prepagas/buenos-aires/ituzaingo-merlo/galeno,0,6,0%,7.83
https://www.prepagaya.com.ar/prepagas/corrientes/sancor-salud,0,6,0%,7.83
https://www.prepagaya.com.ar/prepagas/santa-fe/rafaela/swiss-medical,0,6,0%,7.83
https://www.prepagaya.com.ar/prepagas/buenos-aires/florencio-varela/osde,0,6,0%,8
https://www.prepagaya.com.ar/prepagas/buenos-aires/tandil/osde,0,6,0%,8
https://www.prepagaya.com.ar/blog/medife-donde-conviene,0,6,0%,8.17
https://www.prepagaya.com.ar/guias/prepaga-o-pami-jubilados,0,6,0%,8.17
https://www.prepagaya.com.ar/prepagas/buenos-aires/avellaneda-lanus/omint,0,6,0%,8.17
https://www.prepagaya.com.ar/prepagas/buenos-aires/adrogue/avalian,0,6,0%,8.33
https://www.prepagaya.com.ar/prepagas/buenos-aires/ramos-mejia-san-justo/omint,0,6,0%,8.33
https://www.prepagaya.com.ar/prepagas/corrientes/prevencion-salud,0,6,0%,8.33
https://www.prepagaya.com.ar/prepagas/buenos-aires/monte-grande/premedic,0,6,0%,8.5
https://www.prepagaya.com.ar/prepagas/santa-fe/venado-tuerto/swiss-medical,0,6,0%,8.5
https://www.prepagaya.com.ar/prepagas/cordoba/villa-maria,0,6,0%,8.67
https://www.prepagaya.com.ar/prepagas/buenos-aires/avellaneda-lanus/avalian,0,6,0%,9
https://www.prepagaya.com.ar/prepagas/caba/caballito/omint,0,6,0%,9
https://www.prepagaya.com.ar/prepagas/omint/clasico,0,6,0%,9.17
https://www.prepagaya.com.ar/prepagas/buenos-aires/avellaneda-lanus/hominis,0,6,0%,9.5
https://www.prepagaya.com.ar/obras-sociales/swiss-medical-os,0,6,0%,9.83
https://www.prepagaya.com.ar/prepagas/avalian,0,6,0%,10.33
https://www.prepagaya.com.ar/prepagas/buenos-aires/zona-norte/galeno,0,6,0%,10.5
https://www.prepagaya.com.ar/prepagas/neuquen/cutral-co/sancor-salud,0,6,0%,10.5
https://www.prepagaya.com.ar/prepagas/hominis,0,6,0%,10.67
https://www.prepagaya.com.ar/para/familias,0,6,0%,10.83
https://www.prepagaya.com.ar/prepagas/buenos-aires/florencio-varela/galeno,0,5,0%,3.4
https://www.prepagaya.com.ar/prepagas/neuquen/san-martin-de-los-andes/prevencion-salud,0,5,0%,3.4
https://www.prepagaya.com.ar/prepagas/buenos-aires/banfield/cemic,0,5,0%,4
https://www.prepagaya.com.ar/prepagas/buenos-aires/adrogue/swiss-medical,0,5,0%,4.2
https://www.prepagaya.com.ar/prepagas/mendoza/san-rafael/avalian,0,5,0%,5.4
https://www.prepagaya.com.ar/prepagas/buenos-aires/isidro-casanova/osde,0,5,0%,5.8
https://www.prepagaya.com.ar/prepagas/salta/oran/swiss-medical,0,5,0%,5.8
https://www.prepagaya.com.ar/prepagas/santa-fe/rafaela/medife,0,5,0%,5.8
https://www.prepagaya.com.ar/prepagas/buenos-aires/tigre-san-fernando/medicus,0,5,0%,6.2
https://www.prepagaya.com.ar/obras-sociales/upcn,0,5,0%,6.4
https://www.prepagaya.com.ar/prepagas/buenos-aires/pilar/cemic,0,5,0%,6.6
https://www.prepagaya.com.ar/prepagas/santa-fe/venado-tuerto/galeno,0,5,0%,7
https://www.prepagaya.com.ar/prepagas/buenos-aires/florencio-varela/swiss-medical,0,5,0%,7.6
https://www.prepagaya.com.ar/prepagas/buenos-aires/isidro-casanova/medicus,0,5,0%,7.6
https://www.prepagaya.com.ar/prepagas/buenos-aires/tigre-san-fernando/avalian,0,5,0%,7.6
https://www.prepagaya.com.ar/prepagas/buenos-aires/escobar/medicus,0,5,0%,7.8
https://www.prepagaya.com.ar/prepagas/buenos-aires/quilmes/prevencion-salud,0,5,0%,7.8
https://www.prepagaya.com.ar/prepagas/buenos-aires/vicente-lopez/cemic,0,5,0%,7.8
https://www.prepagaya.com.ar/prepagas/buenos-aires/berazategui/swiss-medical,0,5,0%,8
https://www.prepagaya.com.ar/prepagas/buenos-aires/quilmes/premedic,0,5,0%,8
https://www.prepagaya.com.ar/prepagas/buenos-aires/tigre-san-fernando/cemic,0,5,0%,8.2
https://www.prepagaya.com.ar/prepagas/santa-fe/santa-fe-capital/galeno,0,5,0%,8.2
https://www.prepagaya.com.ar/prepagas/buenos-aires/monte-grande/hospital-italiano,0,5,0%,8.4
https://www.prepagaya.com.ar/prepagas/buenos-aires/berazategui/avalian,0,5,0%,8.6
https://www.prepagaya.com.ar/prepagas/santa-fe/venado-tuerto/prevencion-salud,0,5,0%,8.6
https://www.prepagaya.com.ar/prepagas/buenos-aires/lomas-de-zamora/medicus,0,5,0%,8.8
https://www.prepagaya.com.ar/prepagas/corrientes/corrientes-capital,0,5,0%,9.2
https://www.prepagaya.com.ar/prepagas/buenos-aires/zona-norte/omint,0,5,0%,9.4
https://www.prepagaya.com.ar/prepagas/buenos-aires/avellaneda-lanus/medife,0,5,0%,9.6
https://www.prepagaya.com.ar/prepagas/cordoba/federada-salud,0,5,0%,9.8
https://www.prepagaya.com.ar/prepagas/santa-fe/medicus,0,5,0%,9.8
https://www.prepagaya.com.ar/prepagas/buenos-aires/berazategui/galeno,0,5,0%,10.2
https://www.prepagaya.com.ar/prepagas/caba/avalian,0,5,0%,10.2
https://www.prepagaya.com.ar/prepagas/chaco/sancor-salud,0,5,0%,10.2
https://www.prepagaya.com.ar/prepagas/buenos-aires/san-isidro/omint,0,5,0%,10.4
https://www.prepagaya.com.ar/prepagas/buenos-aires/avellaneda-lanus/prevencion-salud,0,5,0%,11.4
https://www.prepagaya.com.ar/prepagas/buenos-aires/omint,0,5,0%,12.2
https://www.prepagaya.com.ar/prepagas/buenos-aires/bahia-blanca/hospital-italiano,0,5,0%,13.8
https://www.prepagaya.com.ar/prepagas/caba/palermo/prevencion-salud,0,5,0%,14.4
https://www.prepagaya.com.ar/prepaga-por-presupuesto,0,5,0%,78
https://www.prepagaya.com.ar/prepagas/neuquen/cutral-co,0,4,0%,3.75
https://www.prepagaya.com.ar/prepagas/tucuman/san-miguel-de-tucuman/premedic,0,4,0%,4.5
https://www.prepagaya.com.ar/blog/ranking-prepagas-argentina-2026,0,4,0%,4.75
https://www.prepagaya.com.ar/prepagas/buenos-aires/florencio-varela/medife,0,4,0%,5
https://www.prepagaya.com.ar/prepagas/neuquen/cutral-co/galeno,0,4,0%,5
https://www.prepagaya.com.ar/prepagas/tucuman/yerba-buena/avalian,0,4,0%,5
https://www.prepagaya.com.ar/prepagas/buenos-aires/isidro-casanova/sancor-salud,0,4,0%,5.25
https://www.prepagaya.com.ar/prepagas/buenos-aires/ramos-mejia-san-justo/prevencion-salud,0,4,0%,5.25
https://www.prepagaya.com.ar/prepagas/neuquen/cutral-co/prevencion-salud,0,4,0%,6
https://www.prepagaya.com.ar/privacidad,0,4,0%,6.25
https://www.prepagaya.com.ar/blog/mejor-prepaga-interior-pais,0,4,0%,6.5
https://www.prepagaya.com.ar/prepagas/buenos-aires/banfield/galeno,0,4,0%,6.5
https://www.prepagaya.com.ar/prepagas/salta/tartagal/swiss-medical,0,4,0%,6.5
https://www.prepagaya.com.ar/prepagas/buenos-aires/florencio-varela/premedic,0,4,0%,6.75
https://www.prepagaya.com.ar/prepagas/buenos-aires/lomas-de-zamora/prevencion-salud,0,4,0%,6.75
https://www.prepagaya.com.ar/prepagas/buenos-aires/escobar/avalian,0,4,0%,7
https://www.prepagaya.com.ar/prepagas/buenos-aires/tigre-san-fernando/omint,0,4,0%,7.25
https://www.prepagaya.com.ar/prepagas/caba/caballito/medicus,0,4,0%,7.25
https://prepagaya.com.ar/guias/prepaga-para-freelancers-autonomos,0,4,0%,7.5
https://www.prepagaya.com.ar/prepagas/buenos-aires/san-isidro/premedic,0,4,0%,7.75
https://www.prepagaya.com.ar/prepagas/caba/villa-devoto/swiss-medical,0,4,0%,8
https://www.prepagaya.com.ar/prepagas/tucuman/concepcion/swiss-medical,0,4,0%,8
https://www.prepagaya.com.ar/prepagas/entre-rios/federada-salud,0,4,0%,8.25
https://www.prepagaya.com.ar/prepagas/mendoza/godoy-cruz/osde,0,4,0%,8.25
https://www.prepagaya.com.ar/prepagas/salta/galeno,0,4,0%,8.25
https://www.prepagaya.com.ar/prepagas/salta/salta-capital/medife,0,4,0%,8.25
https://www.prepagaya.com.ar/prepagas/buenos-aires/tigre-san-fernando/sancor-salud,0,4,0%,8.5
https://www.prepagaya.com.ar/prepagas/chaco/osde,0,4,0%,8.5
https://www.prepagaya.com.ar/prepagas/buenos-aires/berazategui/hominis,0,4,0%,8.75
https://www.prepagaya.com.ar/prepagas/buenos-aires/san-isidro/hospital-italiano,0,4,0%,8.75
https://www.prepagaya.com.ar/prepagas/buenos-aires/adrogue/sancor-salud,0,4,0%,9
https://www.prepagaya.com.ar/prepagas/cordoba/villa-carlos-paz/medife,0,4,0%,9
https://www.prepagaya.com.ar/prepagas/santa-fe/rafaela/federada-salud,0,4,0%,9
https://www.prepagaya.com.ar/prepagas/buenos-aires/ituzaingo-merlo/hospital-italiano,0,4,0%,9.5
https://www.prepagaya.com.ar/prepagas/buenos-aires/tigre-san-fernando/prevencion-salud,0,4,0%,9.75
https://www.prepagaya.com.ar/prepagas/caba/premedic,0,4,0%,9.75
https://www.prepagaya.com.ar/prepagas/caba/belgrano/medife,0,4,0%,10
https://www.prepagaya.com.ar/obras-sociales/sancor-os,0,4,0%,10.5
https://www.prepagaya.com.ar/prepagas/caba/recoleta-barrio-norte/avalian,0,4,0%,10.5
https://www.prepagaya.com.ar/prepagas/santa-fe/federada-salud,0,4,0%,10.5
https://www.prepagaya.com.ar/prepagas/buenos-aires/zona-oeste/premedic,0,4,0%,10.75
https://www.prepagaya.com.ar/prepagas/prevencion-salud/bronce,0,4,0%,10.75
https://www.prepagaya.com.ar/prepagas/buenos-aires/pilar/omint,0,4,0%,11
https://www.prepagaya.com.ar/prepagas/caba/villa-devoto/medicus,0,4,0%,11.25
https://www.prepagaya.com.ar/prepagas/caba/flores/premedic,0,4,0%,16
https://www.prepagaya.com.ar/prepagas/buenos-aires/avellaneda-lanus/premedic,0,4,0%,27.25
https://www.prepagaya.com.ar/prepagas/tucuman/concepcion/avalian,0,3,0%,1
https://www.prepagaya.com.ar/prepagas/salta/tartagal/sancor-salud,0,3,0%,1.33
https://www.prepagaya.com.ar/guias/prepaga-corporativa-vs-particular,0,3,0%,2.67
https://www.prepagaya.com.ar/prepagas/buenos-aires/mar-del-plata/cemic,0,3,0%,3.33
https://www.prepagaya.com.ar/comparativas/galeno-vs-medife,0,3,0%,3.67
https://www.prepagaya.com.ar/prepagas/buenos-aires/san-miguel/prevencion-salud,0,3,0%,3.67
https://www.prepagaya.com.ar/guias/prepaga-para-freelancers-autonomos,0,3,0%,4.33
https://www.prepagaya.com.ar/prepagas/buenos-aires/vicente-lopez/avalian,0,3,0%,4.33
https://www.prepagaya.com.ar/prepagas/buenos-aires/zona-oeste/cemic,0,3,0%,4.67
https://www.prepagaya.com.ar/prepagas/santa-fe/venado-tuerto/medicus,0,3,0%,4.67
https://www.prepagaya.com.ar/para/extranjeros,0,3,0%,5
https://www.prepagaya.com.ar/prepagas/buenos-aires/temperley/hominis,0,3,0%,5
https://www.prepagaya.com.ar/prepagas/caba/caballito,0,3,0%,5
https://www.prepagaya.com.ar/prepagas/caba/palermo,0,3,0%,5
https://www.prepagaya.com.ar/prepagas/buenos-aires/tandil/medicus,0,3,0%,5.33
https://www.prepagaya.com.ar/prepagas/tucuman/concepcion,0,3,0%,5.33
https://www.prepagaya.com.ar/comparativas/osde-vs-premedic,0,3,0%,5.67
https://www.prepagaya.com.ar/prepagas/buenos-aires/escobar/medife,0,3,0%,6
https://www.prepagaya.com.ar/prepagas/buenos-aires/pilar/hospital-italiano,0,3,0%,6.33
https://www.prepagaya.com.ar/prepagas/neuquen/galeno,0,3,0%,6.33
https://www.prepagaya.com.ar/prepagas/salta/prevencion-salud,0,3,0%,6.33
https://www.prepagaya.com.ar/prepagas/santa-fe/venado-tuerto/medife,0,3,0%,6.33
https://www.prepagaya.com.ar/metodologia,0,3,0%,6.67
https://www.prepagaya.com.ar/para/empresas,0,3,0%,6.67
https://www.prepagaya.com.ar/prepagas/buenos-aires/avellaneda-lanus/cemic,0,3,0%,6.67
https://www.prepagaya.com.ar/prepagas/salta/tartagal/prevencion-salud,0,3,0%,6.67
https://www.prepagaya.com.ar/empresas/swiss-medical/plan-black,0,3,0%,7.33
https://www.prepagaya.com.ar/guias/prepaga-sin-periodo-carencia,0,3,0%,7.33
https://www.prepagaya.com.ar/prepagas/buenos-aires/adrogue/galeno,0,3,0%,7.67
https://www.prepagaya.com.ar/prepagas/buenos-aires/berazategui/prevencion-salud,0,3,0%,7.67
https://www.prepagaya.com.ar/prepagas/buenos-aires/pilar/hominis,0,3,0%,7.67
https://www.prepagaya.com.ar/prepagas/caba/belgrano,0,3,0%,7.67
https://www.prepagaya.com.ar/prepagas/caba/villa-devoto/omint,0,3,0%,7.67
https://www.prepagaya.com.ar/prepagas/federada-salud/gold-200,0,3,0%,7.67
https://www.prepagaya.com.ar/guias/prepaga-para-embarazadas,0,3,0%,8
https://www.prepagaya.com.ar/blog/como-derivar-obra-social,0,3,0%,8.33
https://www.prepagaya.com.ar/prepagas/santa-fe/galeno,0,3,0%,8.33
https://www.prepagaya.com.ar/comparativas/swiss-medical-vs-osde-para-familias,0,3,0%,9
https://www.prepagaya.com.ar/prepagas/buenos-aires/florencio-varela/avalian,0,3,0%,9
https://www.prepagaya.com.ar/prepagas/caba/recoleta-barrio-norte,0,3,0%,9
https://www.prepagaya.com.ar/prepagas/cordoba/rio-cuarto/federada-salud,0,3,0%,9
https://www.prepagaya.com.ar/prepagas/buenos-aires/ituzaingo-merlo/omint,0,3,0%,9.33
https://www.prepagaya.com.ar/prepagas/buenos-aires/moron/medicus,0,3,0%,9.33
https://www.prepagaya.com.ar/prepagas/buenos-aires/monte-grande/cemic,0,3,0%,10
https://www.prepagaya.com.ar/prepagas/santa-fe/santa-fe-capital/federada-salud,0,3,0%,10.33
https://www.prepagaya.com.ar/prepagas/tucuman/premedic,0,3,0%,10.33
https://www.prepagaya.com.ar/prepagas/caba/villa-devoto/medife,0,3,0%,11.67
https://www.prepagaya.com.ar/prepagas/caba/belgrano/hominis,0,3,0%,12
https://www.prepagaya.com.ar/prepagas/galeno/azul-200,0,3,0%,20.33
https://www.prepagaya.com.ar/prepagas/omint/global,0,3,0%,20.67
https://www.prepagaya.com.ar/prepagas/buenos-aires/san-miguel/cemic,0,3,0%,26.67
https://www.prepagaya.com.ar/cartillas/galeno,0,3,0%,27
https://www.prepagaya.com.ar/prepagas/buenos-aires/banfield/medicus,0,3,0%,36.67
https://www.prepagaya.com.ar/prepagas/buenos-aires/san-isidro/hominis,0,2,0%,1
https://www.prepagaya.com.ar/prepagas/buenos-aires/tandil/premedic,0,2,0%,1
https://www.prepagaya.com.ar/prepagas/cordoba/villa-carlospaz,0,2,0%,1
https://www.prepagaya.com.ar/prepagas/salta/mejores-prepaga,0,2,0%,2
https://www.prepagaya.com.ar/prepagas/misiones,0,2,0%,3.5
https://www.prepagaya.com.ar/prepagas/santa-fe/santa-fe-capital/medicus,0,2,0%,3.5
https://www.prepagaya.com.ar/prepagas/buenos-aires/ituzaingo-merlo/avalian,0,2,0%,4
https://www.prepagaya.com.ar/prepagas/buenos-aires/la-plata/cemic,0,2,0%,4
https://www.prepagaya.com.ar/prepagas/buenos-aires/cemic,0,2,0%,4.5
https://www.prepagaya.com.ar/prepagas/buenos-aires/san-miguel/hospital-italiano,0,2,0%,4.5
https://www.prepagaya.com.ar/prepagas/buenos-aires/temperley/medicus,0,2,0%,4.5
https://www.prepagaya.com.ar/prepagas/buenos-aires/florencio-varela/cemic,0,2,0%,5
https://www.prepagaya.com.ar/prepagas/buenos-aires/isidro-casanova/premedic,0,2,0%,5
https://www.prepagaya.com.ar/prepagas/cordoba/rio-cuarto/premedic,0,2,0%,5
https://www.prepagaya.com.ar/prepagas/buenos-aires/florencio-varela/medicus,0,2,0%,5.5
https://www.prepagaya.com.ar/prepagas/caba/palermo/medife,0,2,0%,5.5
https://www.prepagaya.com.ar/prepagas/salta/oran/galeno,0,2,0%,5.5
https://www.prepagaya.com.ar/comparativas/osde-vs-cemic,0,2,0%,6
https://www.prepagaya.com.ar/prepagas/buenos-aires/florencio-varela/prevencion-salud,0,2,0%,6
https://www.prepagaya.com.ar/prepagas/buenos-aires/monte-grande/medife,0,2,0%,6
https://www.prepagaya.com.ar/prepagas/cordoba/cordoba-capital/premedic,0,2,0%,6
https://www.prepagaya.com.ar/prepagas/cordoba/villa-maria/galeno,0,2,0%,6
https://www.prepagaya.com.ar/prepagas/prevencion-salud/platino,0,2,0%,6
https://www.prepagaya.com.ar/prepagas/buenos-aires/isidro-casanova/avalian,0,2,0%,6.5
https://www.prepagaya.com.ar/prepagas/buenos-aires/moron/premedic,0,2,0%,6.5
https://www.prepagaya.com.ar/prepagas/buenos-aires/premedic,0,2,0%,6.5
https://www.prepagaya.com.ar/prepagas/buenos-aires/tandil/prevencion-salud,0,2,0%,6.5
https://www.prepagaya.com.ar/prepagas/neuquen/cutral-co/medife,0,2,0%,6.5
https://www.prepagaya.com.ar/prepagas/buenos-aires/azul/osde,0,2,0%,7
https://www.prepagaya.com.ar/prepagas/buenos-aires/banfield/medife,0,2,0%,7
https://www.prepagaya.com.ar/prepagas/buenos-aires/isidro-casanova/hominis,0,2,0%,7
https://www.prepagaya.com.ar/prepagas/buenos-aires/tandil/medife,0,2,0%,7
https://www.prepagaya.com.ar/prepagas/hospital-italiano/plan-b,0,2,0%,7
https://www.prepagaya.com.ar/prepagas/tucuman/concepcion/premedic,0,2,0%,7
https://www.prepagaya.com.ar/prepagas/buenos-aires/ituzaingo-merlo/medife,0,2,0%,7.5
https://www.prepagaya.com.ar/prepagas/caba/villa-devoto/cemic,0,2,0%,7.5
https://www.prepagaya.com.ar/prepagas/salta/oran,0,2,0%,7.5
https://www.prepagaya.com.ar/prepagas/buenos-aires/medife,0,2,0%,8
https://www.prepagaya.com.ar/prepagas/buenos-aires/moron/omint,0,2,0%,8
https://www.prepagaya.com.ar/prepagas/buenos-aires/temperley/medife,0,2,0%,8
https://www.prepagaya.com.ar/prepagas/caba/omint,0,2,0%,8
https://www.prepagaya.com.ar/prepagas/buenos-aires/banfield/hominis,0,2,0%,8.5
https://www.prepagaya.com.ar/prepagas/buenos-aires/tandil/omint,0,2,0%,8.5
https://www.prepagaya.com.ar/prepagas/buenos-aires/temperley/osde,0,2,0%,8.5
https://www.prepagaya.com.ar/prepagas/caba/belgrano/omint,0,2,0%,8.5
https://www.prepagaya.com.ar/prepagas/entre-rios/avalian,0,2,0%,8.5
https://www.prepagaya.com.ar/blog/premedic-vale-la-pena,0,2,0%,9
https://www.prepagaya.com.ar/prepagas/buenos-aires/bahia-blanca,0,2,0%,9.5
https://www.prepagaya.com.ar/prepagas/buenos-aires/florencio-varela/sancor-salud,0,2,0%,9.5
https://www.prepagaya.com.ar/prepagas/galeno/plata-330,0,2,0%,9.5
https://www.prepagaya.com.ar/prepagas/mendoza/godoy-cruz/swiss-medical,0,2,0%,9.5
https://www.prepagaya.com.ar/prepagas/misiones/galeno,0,2,0%,9.5
https://www.prepagaya.com.ar/prepagas/caba/flores/prevencion-salud,0,2,0%,10
https://www.prepagaya.com.ar/prepagas/caba/flores/medicus,0,2,0%,10.5
https://www.prepagaya.com.ar/prepagas/buenos-aires/azul/medicus,0,2,0%,11
https://www.prepagaya.com.ar/prepagas/buenos-aires/ituzaingo-merlo/hominis,0,2,0%,11.5
https://www.prepagaya.com.ar/prepagas/entre-rios/concordia/federada-salud,0,2,0%,11.5
https://www.prepagaya.com.ar/prepagas/buenos-aires/vicente-lopez/hominis,0,2,0%,14.5
https://www.prepagaya.com.ar/prepagas/avalian/basico,0,2,0%,25
https://www.prepagaya.com.ar/blog/prepaga-para-monotributistas-argentina-2026,0,2,0%,27
https://www.prepagaya.com.ar/prepagas/buenos-aires/ituzaingo-merlo/cemic,0,2,0%,36
https://www.prepagaya.com.ar/prepagas/mendoza/godoy-cruz/medicus,0,2,0%,67
https://www.prepagaya.com.ar/comparativas/avalian-sancor-salud,0,1,0%,1
https://www.prepagaya.com.ar/guias/prepagaya-devolucion-aportes,0,1,0%,1
https://www.prepagaya.com.ar/prepagas/buenos-aires/azul/swiss-medical,0,1,0%,1
https://www.prepagaya.com.ar/prepagas/buenos-aires/bahia-blanca/premedic,0,1,0%,1
https://www.prepagaya.com.ar/prepagas/buenos-aires/escobar/omint,0,1,0%,1
https://www.prepagaya.com.ar/prepagas/buenos-aires/isidro-casanova/swiss-medical,0,1,0%,1
https://www.prepagaya.com.ar/prepagas/buenos-aires/mar-del-plata/sancor-salud/,0,1,0%,1
https://www.prepagaya.com.ar/prepagas/buenos-aires/zona-sur/medicus/,0,1,0%,1
https://www.prepagaya.com.ar/prepagas/caba/flores/avalian,0,1,0%,1
https://www.prepagaya.com.ar/prepagas/caba/recoleta-barrio-norte/hominis,0,1,0%,1
https://www.prepagaya.com.ar/prepagas/caba/recoleta-barrio-norte/premedic,0,1,0%,1
https://www.prepagaya.com.ar/prepagas/cordoba/mejores-prepaga,0,1,0%,1
https://www.prepagaya.com.ar/prepagas/cordoba/rio-cuarto/prevencion-sud,0,1,0%,1
https://www.prepagaya.com.ar/prepagas/corrientes/prepagas,0,1,0%,1
https://www.prepagaya.com.ar/prepagas/entre-rios/mejores-prpagas,0,1,0%,1
https://www.prepagaya.com.ar/prepagas/mendoza/,0,1,0%,1
https://www.prepagaya.com.ar/prepagas/salta/mejor-prepaga,0,1,0%,1
https://www.prepagaya.com.ar/prepagas/santa-fe/mejores-prepaga,0,1,0%,1
https://www.prepagaya.com.ar/prepagas/santa-fe/rafaela/galeno,0,1,0%,1
https://www.prepagaya.com.ar/prepagas/swiss-medical/plan-sport-s,0,1,0%,1
https://www.prepagaya.com.ar/provincia-de-neuqueni,0,1,0%,1
https://www.prepagaya.com.ar/tramites,0,1,0%,1
https://prepagaya.com.ar/obras-sociales/pami,0,1,0%,2
https://www.prepagaya.com.ar/blog/prepaga-para-trabajadores-remotos,0,1,0%,2
https://www.prepagaya.com.ar/prepagas/buenos-aires/berazategui/omint,0,1,0%,2
https://www.prepagaya.com.ar/prepagas/buenos-aires/berazategui/osde,0,1,0%,2
https://www.prepagaya.com.ar/prepagas/caba/villa-devoto/hospital-italiano,0,1,0%,3
https://www.prepagaya.com.ar/prepagas/caba/villa-devoto/sancor-salud,0,1,0%,3
https://www.prepagaya.com.ar/prepagas/cordoba/galeno,0,1,0%,3
https://www.prepagaya.com.ar/prepagas/avalian/premium,0,1,0%,4
https://www.prepagaya.com.ar/prepagas/salta/tartagal/galeno,0,1,0%,4
https://www.prepagaya.com.ar/blog/prepagas-que-mas-aumentaron,0,1,0%,5
https://www.prepagaya.com.ar/prepagas/buenos-aires/isidro-casanova/medife,0,1,0%,5
https://www.prepagaya.com.ar/prepagas/buenos-aires/isidro-casanova/prevencion-salud,0,1,0%,5
https://www.prepagaya.com.ar/prepagas/buenos-aires/temperley/omint,0,1,0%,5
https://www.prepagaya.com.ar/cartillas/medife,0,1,0%,6
https://www.prepagaya.com.ar/prepagas/buenos-aires/banfield/premedic,0,1,0%,6
https://www.prepagaya.com.ar/prepagas/buenos-aires/florencio-varela/omint,0,1,0%,6
https://www.prepagaya.com.ar/prepagas/buenos-aires/tigre-san-fernando/hominis,0,1,0%,6
https://www.prepagaya.com.ar/prepagas/buenos-aires/vicente-lopez/prevencion-salud,0,1,0%,6
https://www.prepagaya.com.ar/prepagas/chaco/prevencion-salud,0,1,0%,6
https://www.prepagaya.com.ar/prepagas/entre-rios/swiss-medical,0,1,0%,6
https://www.prepagaya.com.ar/prepagas/neuquen/cutral-co/swiss-medical,0,1,0%,6
https://www.prepagaya.com.ar/prepagas/buenos-aires/quilmes/hospital-italiano,0,1,0%,7
https://www.prepagaya.com.ar/prepagas/buenos-aires/tigre-san-fernando/medife,0,1,0%,7
https://www.prepagaya.com.ar/prepagas/caba/caballito/prevencion-salud,0,1,0%,7
https://www.prepagaya.com.ar/prepagas/cordoba/medicus,0,1,0%,7
https://www.prepagaya.com.ar/prepagas/cordoba/villa-carlos-paz/medicus,0,1,0%,7
https://www.prepagaya.com.ar/prepagas/federada-salud/gold-300,0,1,0%,7
https://www.prepagaya.com.ar/prepagas/medicus/family,0,1,0%,7
https://www.prepagaya.com.ar/prepagas/santa-fe/rafaela/medicus,0,1,0%,7
https://www.prepagaya.com.ar/prepagas/buenos-aires/adrogue/hominis,0,1,0%,8
https://www.prepagaya.com.ar/prepagas/buenos-aires/azul/sancor-salud,0,1,0%,8
https://www.prepagaya.com.ar/prepagas/premedic/plan-400,0,1,0%,8
https://www.prepagaya.com.ar/prepagas/tucuman/yerba-buena/premedic,0,1,0%,8
https://www.prepagaya.com.ar/obras-sociales/ospat,0,1,0%,9
https://www.prepagaya.com.ar/prepagas/buenos-aires/zona-oeste/hospital-italiano,0,1,0%,9
https://www.prepagaya.com.ar/prepagas/cordoba/premedic,0,1,0%,9
https://www.prepagaya.com.ar/blog/swiss-medical-smg20-vs-osde-310,0,1,0%,10
https://www.prepagaya.com.ar/prepagas/avalian/plus,0,1,0%,10
https://www.prepagaya.com.ar/prepagas/buenos-aires/adrogue/medicus,0,1,0%,10
https://www.prepagaya.com.ar/prepagas/buenos-aires/azul,0,1,0%,10
https://www.prepagaya.com.ar/prepagas/buenos-aires/banfield/avalian,0,1,0%,10
https://www.prepagaya.com.ar/prepagas/buenos-aires/florencio-varela/hominis,0,1,0%,10
https://www.prepagaya.com.ar/prepagas/buenos-aires/la-plata/hospital-italiano,0,1,0%,10
https://www.prepagaya.com.ar/prepagas/omint/premium,0,1,0%,10
https://www.prepagaya.com.ar/prepagas/santa-fe/santa-fe-capital/medife,0,1,0%,10
https://www.prepagaya.com.ar/prepagas/buenos-aires/escobar/hospital-italiano,0,1,0%,11
https://www.prepagaya.com.ar/prepagas/buenos-aires/sancor-salud,0,1,0%,11
https://www.prepagaya.com.ar/prepagas/cordoba/avalian,0,1,0%,11
https://www.prepagaya.com.ar/prepagas/premedic/plan-300,0,1,0%,11
https://www.prepagaya.com.ar/prepagas/neuquen/cutral-co/medicus,0,1,0%,12
https://www.prepagaya.com.ar/prepagas/buenos-aires/vicente-lopez/hospital-italiano,0,1,0%,13
https://www.prepagaya.com.ar/prepagas/neuquen/san-martin-de-los-andes/medicus,0,1,0%,13
https://www.prepagaya.com.ar/prepagas/neuquen/san-martin-de-los-andes/medife,0,1,0%,26
https://www.prepagaya.com.ar/cartillas/cemic,0,1,0%,27
https://www.prepagaya.com.ar/prepagas/buenos-aires/adrogue/prevencion-salud,0,1,0%,83